chat_sample,source
"Extract the entities for the following labels from the given text and provide the results in JSON format
    - Entities must be extracted exactly as mentioned in the text.
    - Return each entity under its label without creating new labels.
    - Provide a list of entities for each label, ensuring that if no entities are found for a label, an empty list is returned.
    - Accuracy and relevance in your responses are key.

    Lables and their Descriptions:
    - PERSON : Extract names or personal entities
    - ORG : Extract names or entities related to organizations
    - LOCATION : Extract location information

### Instruction:
Boa noite todos os dias a noite jovens usam drogas sem nenhum pudor aos vizinhos nesses endereços aí. Hugo Freitas fiquei sabendo que esse Hugo Freitas esconde as drogas dentro da mochila em casa. Esse é o responsável pela compra das drogas e consumo entre os jovens nestes endereços conforme listei. Tudo isso a noite entre Duque de Caxias (Jardim Olavo Bilac) São João de Meriti.
Gostaria de pedir o auxílio as autoridades no bairro Jardim Catarina Novo divisa Sta Luzia  / São Gonçalo RJ o Tráfico de drogas vem instalando barricadas para impedir a entrada de viaturas. Causando transtornos diversos aos moradores. Não é possível entrada de veículos de assistência médica e pessoas que precisam se locomover em cadeiras de rodas tem sua vida prejudicada. Nesse Carnaval os bandidos se mantiveram na Olegario Nascimento colocando barricadas pois é próximo a Stá Luzia eles estão se movimentando de moto a noite toda com armas.Tivemos o caso de um cabeleireiro que foi assassinado por se queixar das barreiras. * Sempre teve barricadas nas Ruas 39 e 40, Hoje estas barricadas já estão nas Ruas 38 37 36 35 34 33 32 Cada dia está chegando em direção a Rua Curva do S. Sta Luzia interligando a outras áreas domínio. Por favor 7o BPM faça operaçÃµes para garantir o direito do cidadão de bem!! Os correios não entregam mais consta como área de risco. Moro a 20 anos no local sempre houve tráfico na Rua 39 e 40 mas sempre reprimida com valentia pelo 7 Bpm - Hoje as coisas pioraram muito o 7 Bpm precisa dar uma resposta a estes marginais. Por Favor nos Ajudem!!!
Apartamento bloco Paraíba quinto andar estoca dinheiro do tráfico
Traficam todos os dias na rua antonio da silva reis no numero 358, traficam a luz do dia. Obs; as drogas ficam com a mulher de leo (nayara) no peito dela. Pesso a vcs q tragam uma policial mulher para prender esses dois individuos. A algums dias policiais da p2 levaram o carro do casal (golf prata) . Mas nem perceberam q nayara retiro toda a droga e coloco no peito. Traficam na frente de crianças q passam. Acho isso um absurdo! A policia militar passa e nao faz nada. Com essas pessoas traficando aqui q futuro teram nossas crianças crescendo achando q o trafico é o jeito mais facil de se crescer na vida. Entao pesso por favor prendam esses traficantes. 
Tráfico de drogas escancaradamente..Desfilando com armas...Dentro do condomínio domínio morada do bracui,o mas intrigante q na entrada existe o IML de Angra dos reis que existe rotatividade de carros dá polícia e mesmo assim ,nada é feito, moradores dizem q os policiais recebem mesada dos traficantes p se fingirem de cegos...Está escancarado de meliantes drogaria..Vendendo drogas..Andando armados e ameaçando moradores e até barreira na rua principal foi feito
Som, volume excesso, show ao vivo, incomodando moradores e interditando a RJ 114 ,por várias vezes. Os órgãos competentes não tomam providências, policiais militares envolvidos.
5 jovens acabam de sair de prédio na rua Itaguaí,110 pé pequeno com destino a praia de Icaraí portando 2 mochilas cheias de intorpercentes de variados tipos pra vender na praia de Icaraí provavelmente. Estão todos a pé descendo a rua Dr Paulo César nesse exato momento.  1 negro com mochila da okley preta 4 brancos sendo um deles com mochila preta tbm é um de boné bege, marfim ou branco
Boa noite gostaria muito de que esse problema fosse resolvido todos os dias aqui em Irajá na praça do ónibus 296 ficam muitos homens armado e vendendo drogas e os mesmos ficam na praça fumando e os moradores não pode passar se não eles agridem 
Este homem pertence a uma quadrilha que falsifica e clona cartÃµes de crédito e passa nos comércios locais e supermercados
O crime a princípio é de perturbação do sossego. Na rua Engenho dá Rainha,316 ,rua G casa 20,uma pessoa Começou a vender alguns salgados na porta de sua casa e agora acha que é um bar. PÃµe cadeiras na frente,liga som alto a noite e seus convidados costumam beber além dá conta, criando algazarra. Os moradores do bairro de Inhauma solicitam que a PM faça diligências de surpresa para averiguar o fato.
Indivíduos armados vendendo drogas na rua Em frente a residencias
Vários marginais transitando armados
Traficante conhecido como nain usa sua casa como deposito de droga e alicia criança e adolecente
Traficante conhecido como nain usa sua casa como deposito de droga e alicia criança e adolecente
Boca de drogas em area residencial. Mulher vendendo drogas na frente de crianças e família. Total desrespeito. 
E vendida num sobrado disparadamente e tem viaturas dá PM local que TDS sexta ou sábado veem buscar o arego
Traficante vendendo drogas  num sobrado no primeiro andar colocaram um portão de ferro trancado pelo traficante para dificultar o acesso. Polícias dá área pegam o arego. Os usuários fumando maconha na rua e tem pontos de ónibus, restaurante, farmácia. Um absurdo.
Tem um ponto de trafico de drogas/boca de fumo montada dentro do estacionamento Extra na rua mariz e barros , na tijuca, rio de janeiro, na parte dos fundos. 
Gostaria de pedir aos senhores pois moro na Pca seca onde traficante entram armados e exibindo as mesmas em um condomínio na R ua Barao 23 para fazer uso de drogas no estacionamento que fica na segunda portaria isso com o conhecimento da síndica geral que não toma nenhuma atitude
Trafico de entorpecentes. Entra e sai de usuários e traficantes o dia todo.
Este homem faz parte de uma quadrilha que falsifica e clona cartÃµes de crédito
Cerca de 8 bandidos com pistolas e muita droga e menores vendendo e consumindo e estão ameaçando os moradores que se denúnciar eles vão matar por favor tenho 2 crianças pequenas e estamos apavorados 
Traficantes agindo a noite no Parque Paulista Duque de Caxias Rj nas ruas 18 com 35
Baile funk na comunidade menino de Deus em São Gonçalo RJ com disparo de armas de fogo
Homens armados todos os dias 24h na minha porta vendendo drogas segue em anexo as fotos dos bandidos Diego Oliveira Dy bala Mateus kurber Lucas Rogério souza rodrigo
Homens armados todos os dias 24h vendendo drogas 
Homens armados todos os dias 24h na minha porta vendendo drogas
Homens armados todos os dias 24h na minha porta vendendo drogas
Tráfico de drogas e baile funk ,na rua do colégio Marcílio dias
Informo que na rua acajutiba lt15 qd143 santa margarida (cosmos).mora um fornecedor de notas falsas de 50 reais e vende (5)cinco notas falsas por 100 reais. O mesmo chama se Tiago paiva. Passou várias notas falsas nos comércio de santa margarida,no sacolao,no bazar e etc. Acarretando um enorme prejuízo aos comerciantes.e também traz drogas de antares e as oferece aos jovens da própria rua.fumando maconha o dia todo no seu carro um Ford corcel azul.ele tem uma bolsa de viagem cheia de notas falsas.
Boa noite! Vou tentar ser breve. Onde moro esta rolando tráfico e com isso vários viciados estão na área aterrorizando os moradores. Nesta manhã teve uma tentativa de roubo na minha residência. Estamos a mercê, presos dentro da própria casa e esses vagabundos soltos fazendo o que quer. Nos ajude por favor. Grata! Obs: tentei enviar o vídeo da tentativa de assalto a minha casa, das cÃ¢meras de segurança e da erro.
Aqui no alto da boa vista na comunidade do mata machado local exato lixeira dá Comlurb foi montada a três meses uma boca de fumo,os policiais do PPC comunitário estão cientes mas não tomam providências nenhuma sou nascido aqui e nunca tivemos que ficar a Mercer deles até um fuzil e pistolas tem no local por favor nos ajuda não deixe o mata machado virar uma Rocinha dá vida dizem que eles estão migrando do borel para cá por favor se puder vem com viaturas descaracterizada para que não saiam correndo
Rolando nesse momento baile funk no complexo da mare mas foi ouvido tiros nesse momento no parque união 
Uma mulher  morena  fica sentada  no bar passando  drogas para usuários,ela esconde as drogas  dentro da calcinha,fica ali todos os dias !!!!
Impressionante fiz uma denuncia semana passada (aohxyakzmw) e ate hj nada foi feito a boca de fuma esta aberta desde 9:00 da manha a todo vapor ao lado do sambódromo. Todas as ruas possuem uma viatura parada menos na rua que esta a boca de fumo, consciência? (Kkkkkkk) claro que não é. Isso é uma vergonha, menos de 10 metros do sambódromo, a 100 metros do batalhão de choque, a 200 metros da 6ºdp, a 80 metros do cicc( no quintal) e ninguém resolve . 
Essa mulher  vende drogas em copacabana  ,usa drogas  dentro da calça pra esconder!
Boa tarde.  Existe nas proximidades da rodoviaria novo rio; onde existe debaixo da linha vermelha um ponto de moto taxi conyrolado por fabio do nascimento melo mas conhecido como fabinho; porem ali ele explora os caras que querem trabalhar como moto taxi; e ocorreu de uma vez ele levando drogas para garotas de programa na vila mimosa. E tbm ali sendo ele o controlador dos moto taxi; se dizendo ele o dono daquele ponto; ele se encarrega de comprar nos morros drogas pra pessoais que ali frenquenta e tbm ele usa todo final de semana. Pois ali fica um ponto tbm de transporte para a regiao dos lagos de carros piratas.esse fabinho nao tem cnh; porem foi cassada pela lei seca; por conduzir a moto dele bebado e drogado. E estou fazendo essa denuncia pra vcs ficarem cientes do que ocorre ali nessa mediacao dos moto taxi qie ali se encontra dominado por ele o fabinho. Ele ali transporta mukgeres que trabalham na vila mimosa; se acha o dono do pedaço;  e explora esse tipo de transporte pra buscar drogas em favelas pra usuarios.Ele é  moreno; estatura normal; tem uns 38 anos e tem tatuagens no braco esquerdo.e ja foi preso. Peço a vcs autoridades que procedam esta denúncia.  Pra nosso rio de janeiro melhorar 
Boa tarde.  Existe nas proximidades da rodoviaria novo rio; onde existe debaixo da linha vermelha um ponto de moto taxi conyrolado por fabio do nascimento melo mas conhecido como fabinho; porem ali ele explora os caras que querem trabalhar como moto taxi; e ocorreu de uma vez ele levando drogas para garotas de programa na vila mimosa. E tbm ali sendo ele o controlador dos moto taxi; se dizendo ele o dono daquele ponto; ele se encarrega de comprar nos morros drogas pra pessoais que ali frenquenta e tbm ele usa todo final de semana. Pois ali fica um ponto tbm de transporte para a regiao dos lagos de carros piratas.esse fabinho nao tem cnh; porem foi cassada pela lei seca; por conduzir a moto dele bebado e drogado. E estou fazendo essa denuncia pra vcs ficarem cientes do que ocorre ali nessa mediacao dos moto taxi qie ali se encontra dominado por ele o fabinho. Ele ali transporta mukgeres que trabalham na vila mimosa; se acha o dono do pedaço;  e explora esse tipo de transporte pra buscar drogas em favelas pra usuarios.Ele é  moreno; estatura normal; tem uns 38 anos e tem tatuagens no braco esquerdo.e ja foi preso. Peço a vcs autoridades que procedam esta denúncia.  Pra nosso rio de janeiro melhorar 
Vcs criam um aplicativo para denuncias e obriga as pessoas a clicar no quadrado informando q não é de emergência, é sim de emergência minhas informações pois se estou denunciando por aqui,é porque não confio na policia. Assim como varias pessoas q optam em.denunciar por este aplicativo ou telefone. aohxyakzmw
Traficantes do tcp estão traficando livremente no nosso bairro, coagindo a população. Praticando assaltos e assassinatos. Nos ajudem. 
Há uns 2 anos atrás ou mais, foram fechadas as ruas Guarapuava, Geolandia e outras, do bairro de Inhauma e foi criada a Associação de Moradores do Mangueirão ,com a ajuda da Vereadora Rosa Fernandes. No ano passado um crime foi cometido no local,coisa que nunca havia ocorrido antes : estupro e morte dá adolescente Débora, embora o local seja um terreno fértil em furtos de energia elétrica é água. Agora os mesmos marginais que fecharam o local estão querendo se apoderar de Vilas próximas para ampliarem os seus crimes. Moradores pedem socorro para que isso não ocorra antes que seja tarde! Região precisa de policiamento ostensivo para que isso não ocorra.
Minha denuncua é que joarene Nogueira junior esta no esquema de funeraria em Caixas que envolve muita gente grande e ate policiais e políticos.  O irmao dele delegado da pf marcelo nogueira tambrm esta no esquema. Podem procurar que tem muita coisa errada.
Pessoas na casa usam local para repasse de drogas e armas
A meses a casa funciona com festas e música eletrónica alta, ficando até 3 dias sem parar e entrando e saindo pessoas, carros sem placa estacionados na rua, gritaria e chingamentos, já ouve ocasião de disparo de tiros. A vizinhança já entrou em contato e alertou que iria chamar a policia tendo como resposta do proprietário que policiais frequentavam a casa e não iria acontecer nada. A vizinhança está se reunindo para uma ação na prefeitura, mas a situação está cada vez mais insuportável. Movimento de pessoas suspeitas todo o tempo, música alta durante dias e durante a semana também, carros suspeitos parados na entrada das casas. Frequentadores já foram presos por Tráfico de drogas sintéticas. Gostaria de uma investigação urgente, está insuportável viver nessa vizinhança.
Tem una barbearia no Caminho das oliveiras ;nº4,muitos suspeitos e rola toxico,alem de varias motos sem placas que ficam em frente a barbearia,fica próximo a este do Magarça, local chamado de chácara, fácil acesso,entrando na rua a barbearia é logo vista e vários rapazes sentado na calcada e as motos en frente,esta deve ser a terceira vez que faço esta denúncia, aguardo providências, obrigado pela atenção.
Moradores dá Vila Santa Luzia, estão preocupados com os usuários de drogas que constantemente tem usado a praça dá Vila e também a frente dá casa 20 dá rua G ,onde foi posto um local para vender salgados, bebidas e cloro. Usuários utilizavam o campinho, porém este foi utilizado para construir uma escola pública e desde então,passaram a usar a praça. Necessário policiamento ostensivo no.local!
Boa noite,aqui em sao gonçalo no boaçu comunidade da 40 os caras agindo livremente e expondo armas pistolas e agora ja tem fuzil,todas as ruas estao cheias de barricadas com com vigas de concreto ,galao no chao e cantoneiras e tubos de ferro as ruas desde da entrada na baixada ate no alto do morro divisa com os bairros da california,mutua,nutuaguaçu e porto do rosa,vao fechar agora proxima ao asfalto,nao aguentamos essa situaçao,os frentes do morro sao feju e tio bola,as bocas ficam na professora maria nina,rua seis,ramalho monteiro e portela ou buraco da cobra ,
Meu vizinho consome drogas a maior parte do dia não aguento mais esse cheiro de droga!!!  Minha mãe é de idade esse cheiro de droga entra em nossa casa minha mãe passa mal. Pessoas estranhas se juntam a meu vizinho para essa baderna. Além disso ainda funciona um depósito clandestino de comida e bebida dos barraqueiros da passarela da barra. Não sei mas o que fazer !! Socorro ! Até meus cachorros foram ameaçados de serem envenenados!!!!!!
Homens armados todos os dias 24h na minha porta vendendo drogas
Homens armados todos os dias 24h na minha porta vendendo drogas 
Homens armados todos os dias 24h na minha porta vendendo drogas
Indivíduos armados vendendo drogas próximo a residencias.
 Traficante fugitivo do sistema prisional vulgo Fernando se encontra escondido na rua Galileia 7 ,senador camará e o mesmo participa do tráfico  na localidade , inclusive com cobertura da mulher .O mesmo utiliza documentos falsos !os meninos do rádio ficam na estação ,na costa Braga, no portão no final da rua Galileia. Moradores dessas ruas são coagidos a deixarem  os portÃµes abertos para eles  evadirem 
Bar localizado no centro de Niterói funciona durante todas as madrugadas, onde existem máquinas e a pratica de jogos de azar ilegais, como caça-níqueis, além disso há movimentação com tráfico e consumo de drogas. Tudo isso próximo a polícia federal e do batalhão de polícia da cidade, numa das avenidas mais movimentadas do centro.
Em nome dos moradores da rua mariz e barros na tijuca e arredores, venho por meio deste denunciar o trafico de drogas dentro do estacionamento do mercado extra, localizado na rua mariz e barros, na tijuca no rio de janeiro-RJ, que esta sendo acobertado e facilitado pelos profissionais trabalhadores do estacionamento. Os usuarios de drogas ficam pertuebando a ordem publica na rua. 
Essa pessoa está ligada ao fluxo de drogas e armas em são Pedro dá Aldeia na região dos lagos. Reside rua José António de Melo 16 balneário das conchas. Usa um carro Audi a3 preto com documentos vencidos e multas PLACA LNO 6320 também possui duas motos, uma chave vermelha e uma Suzuki roxa. é usuário de drogas e anda sendo ameaça a familiares. Por morar nesse bairro passa todos os dias em frente ao batalhão dá PM, q fica na rodovia para ir ao centro dá cidade.
Está sendo anunciado q sábado dia 11/03/17, será realizado Baile Funk em comemoração ao aniversário do gerwnte da boca de fumo de nome Decy. Com drogas a vontade e sem deixar os moradores dormirem.
Os mesmos arrombam casas , invadem,  ficam vendendo drogas na regiao e estao metidos entre varias outras coisas . Sem contar que pegam vagas de drogas e espalham entre varios pontos da regiao de jaconé e barra nova.  Fezem assaltos na regiao de ponta negra e marica,  trazendo motos e celulares roubados onde os mesmo sao vendido s na regiao de barra nova. 
Todos os finais de semana ocorre venda de pássaros silvestres, e os pagamentos são acerdos e feitos com umas trouxinhas estranhas. O local onde são armazenados os pássaros e etc fica ao lado dá casa 33 dá rua Lancastre onde esse vulgo Ronaldinho reside. Passo por esse local todos os finais de semana é é possível ver a ""feira onde acontece essas transaçÃµes""
Tráfico de drogas atrás do colégio Marcílio dias ,o que adianta disque denuncia se a polícia não vem?
Muleques em praia de Mauá em grupinhos na rua do imperador e de frente ao poliesportivo vende drogas  apurei por alto O nome de um deles é Rodrigo Moreira Pereira. Estava ficando na Rua do Imperador  Ali tem um ponto e muitos jovens  Quando não fica um grupo de vinte muleques ficam no ponto de onibus do polioesportivo
Prédio invadido na rua Barão de São Félix próximo N. 82. Boca funciona no 2and, com branquinha e 2 vapores. Um olheiro em fte no lado oposto e dentro da portaria junto a escada um segurança armado de pistola
Boa noite,eu gostaria de denunciar milicianos que estão aterrorizando os moradores da comunidade águia de ouro em inhauma,estão arrombando a casa dos moradores que não paga a mensalidade da associação de moradores,batendo e expulsando os moradores de suas próprias casas se não pagar a mensalidade.
Rapaz vendendo notas falsas em redes sociais,segue abaixo perfil do mesmo.. Que absurdo!!! https://www.facebook.com/marcio.jhobe.906 O PODER DA IMPUNIDADE Só AUMENTA....
Milicianos estão batendo e expulsando moradores de suas residencia se não pagar a mensalidade da associação de moradores dá comunidade águia de ouro em Inhaúma,eles tem total apoio do presidente da associação de moradores Pedro Borges onde ele próprio mandou que as cobradoras que vão na residência dos moradores,pintasse com tinta vermelha a casa das pessoas que paga na associação e não pintar,a casa do morador que paga na mão das cobradoras que atualmente é 3 mulheres acompanhada de 2 homens armados...Está um inferno essa comunidade,anoite só se ver esses marginais de fuzil e metralhadora.
AQUI EM MINHA VIZINHANÇA TODOS OS DIAS BANDIDOS ATERRORIZAM A COMUNIDADE POIS TRAFICAM,VENDEM REALIZAM VENDAS DE DROGAS TODOS OS DIAS COMO SE VENDESSEM PICOLE E E NADA ESTA SENDO FEITO PELAS AUTORIDADES POLICIAIS NO SENTIDO DE ACABAR COM ISSO...ESSES DESGRAÇADOS BEINCAM COM A CARA DA GENTE PULAM O MURO DAS CASAS TODAS AS VEZES QUE RECEBEM AVISO PELOS RADIOS COMUNICADORES DOS COMPARSAS E A POLICIA DAQUI DA LOCALIDADE PAREÇE QUE ESTA DE COMPLO,POIS ELES NEM VEM AQUI E SE VE. NADA FAZEM,JA HA BOSTOS DE QUE ELES ESTAO COMPRADOS POR ESSES BAMDIDOS DESGRAÇADOS POIS ELES SO VEEM AQUI PRA RECEBER O ""PAGAMENTO"" SEMANAL DELES ...E ESSE DESGRAÇADOS AGEM DIA E NOITE AQUI AMEAÇANDO OS MORADORES E FICAM EXIBINDO ARMAS ,DANDO TIROS PRO AR...E GRITANDO MACONHA E COCAINA EM PROMOÇAO,MACONHA E COCAINA EM PROMOÇAO ABASTECEDO BANDOS DE VICIADOS TODOS OS DIAS DA SEMANA...MAS E TODOS OS DIAS,E APOLICIA DAQUI NADA TEM FEITO PRA ACABAR COM ESSES DEMONIOS QUE VIVEM ARMADOS E SE DIVERTEM COMO SE ESTIVESSEM A BRINCAR COM SUAS ARMAS NA CERTEZA ABSOLUTA DE PLENA SEGURANÇA POIS ELES TEM A POLICIA DAQUI EM ABSOLUTO CONTROLA POIS ESSSES POLICIAIS AGEM SOB PLENO SUBORNO POIS JA SABEM O QUE ACONTECE AQUI NA COMUNIDADE E NAO TOMAM PROVIDENCIAS E NAO ESTAO AGINDO COMO POLICIAIS NE COMK AUTORIDADES PRA ACABAR COM ISSO ELES PARECEM INCENTIVAR QUE ISSO CRESÇA MAIS E MAIS...POIS COMO JA RELATADO ELES ENTRAM AQUI NA COMUNIDADE DE MANHA E A TARDE E A NOITE TODOS OS DESGRAÇADOS ESTAO AQUI NOVAMENTE DANDO SEUS TIROS E SOLTANDO FOGOS DE ARTIFICIOS EM PLENO DIA E NOITE E ENTRAM COM A ""FESTA"" PELA MADRUGADA A FORA TODOS OS DIAS DA SEMANA AS 24 HORAS DO DIA E DA NOITE...EU IMPLORO E PEÇO PELO AMOR DE DEUS MANDEM PRA O BOPE PRA ACABAR COM ESSES DESGRAÇADOS DE UMA VEZ POR TODAS...""PELO AMOR DE DEUS""...ACABEM COM ESSES DESGRAÇADOS!!!
Não tenho muitas informações, mas o condutor do carro modelo Siena prata lkq9217,está com atitudes suspeitas de Tráfico de drogas.
Homens armados todos os dias 24h na minha porta
Há na Rua Bias Fortes, em frente ao número 51 (casa que fica entre uma igreja e uma clínica de fisioterapia) um ponto de uso de drogas. Desconfio que os entorpecentes ficam guardados na referida casa que funciona também como depósito de mercadorias de camelós. Todos os dias ao passar observo pessoas utilizando drogas sentados em um banco de cimento construído ao redor das árvores que ficam na calçada da referida casa. Ressalto que todos os dias há consumo de drogas no local. Peço sigilo acerca da minha identidade. Há também uma praça que fica no final da referida rua, onde o Tráfico de drogas ""rola solto"" todos os dias.  
Mais uma vez venho pedir ajuda, são 16:31 e a prostituição e uso de drogas rolando solto em plena luz do dia.  Rua residencial virou ponto de prostituição, onde mulheres ficam usando drogas, mostrando os seios e gritando palavras obscenaas.
Duas barricadas na Rua doutor Lucio,entre as ruas iara e sangento Jorge monsores. Tendo baile funk nessa área as  sextas com um grande contingente  de bandidos  altamente  armados, tendo até  um considerado número de fuzis 
Estava tranquilamente revisando a minha timeline no Facebook quando me deparei com um rapaz vendedo notas falsificadas no grupo ""Joga pra Rolo Realengo"" e decidi denunciar para que outras pessoas não se prejudique com o ato desse rapaz.
Usuários de drogas fumando na área comum do prédio
carro do gerente do trafico do morro do são joão , no engenho novo, vulgo portugal , moreno com tatuagens no braço 
Boa noite! Um Siena da cor prata,placa lkq9217,anda por aí arriscando a vida das pessoas, dirigindo alcoolizado e visivelmente drogado,já vi por diversas vezes o condutor dirigindo em alta velocidade enquanto estava embreagado e drogado,faz isso sempre! Ele está arriscando vidas, dirigindo dessa forma,por favor, tomem providência!
Sou morador da rua monteiro da silva em guadalupe atrás do shoping e estou sendo ameaçada pelo vendedor de Gas guto, juntamente com seus comparças por que nao quero comprar Gas com ele Eu e todos do bairro , ele esta junto com um pastor chamado Reginaldo que traz carga roubado do chapa dão e  estao fechando aqui tudo e ameaçando os moradores que nao comprar com eles
Traficando na rua na cara dura,  invadindo casas para roubar.  Riu e furto de celulares em baca xá  e jacone e na vila.  Aliciacao de menonres de idade em jacone , pois colocam cargas na mao deles na paradaria do pedra na rua 13 proximo ao dpo. 
Amassada por ter comprado gás sem ser com o Guto ele paga um mototáxi que chamam de rato e fica abordando moradores e avisa Que gás agora tem dono e se comprar fora ele vai botar fogo na casa ele está envolvido com um tal pastor Reginaldo e pitter que  São do chapadão mais aqui não é comunidade 
Receberam grande carga de drogas, dois tabletes de maconha, meio kilo de crack e meio kilo de cocaina. Estao com duas pistolas-uma 380 e outra nao sei mas tem um pente de trinta. Traficam o dia todo na rua antonio da silva reis, numero 358.nao respeitam trabalhadores e nem crianças q sao obrigadas a presenciar esse absurdo! Pms passam mas nao fazem nada!  
Homens armados todos os dias 24h na minha porta vendendo drogas
Homens armados todos os dias 24h na minha porta vendendo drogas
Vários bandidos fortemente armados no parque união complexo da maré pronto para invadir baixar do sapateiro 
 tráfico de droga Mateus olivira. Estão buscando na favela do acari
Boa noite,quanto mas eu denuncio mas aparece milicianos vagabundo na comunidade que eu moro,já tem dois indivíduos armados próximo ao mercadinho do Guilherme neste momento!Na comunidade do guarda está infestado de milicianos e ficam varios  dentro do brisolao e no brisolinha tudo armado,pior é que se sentem os donos do pedaço! façam alguma coisa porque eles vivem cobrando taxas que o morador não tem que pagar mas é obrigado a pagar senão apanha e é expulsos de suas próprias casa...a comunidade águia de ouro está pedindo socorro.
Traficante do mau causa terror a moradores da localidade. Humilha e aterroriza. Polícia entra só para pegar dinheiro.  
Elementos vendendo drogas no bar s qiLquer hora filho da proprietária envolvido!!!
Sou morador e não dá mais p conviver c isso.olha o q acabei de ver dá minha janela.onde pago 2000 de condomínio,em um 3 quartos.na rua prado Júnior num 37.da p viver assim?Ele entrega TD droga prós comparsas... Inadinissivel!!! Em plena Copacabana...
Tráfico ao ar livre...Sem limites.inadimissivel!! Copacabana...Prado junior.quadra dá praia.o metro quadrado mais caro de Copacabana....
Traficantes continua aterrorizando moradores no bairro roseiral
Alunos estão usando drogas no interio do colégio, também sobem a comunidade ao lado para comprar drogas,no horário que deveriam estar em aula,mas isso ocorre devido o portão está aberto o tempo todo,podendo assim até traficantes se infiltrar entre alunos.
Traficantes fortemente armados tem causado pânico nos moradores. Eles estão vendendo drogas no beco ao lado do número 9 e ao longo da ladeira do livramento/Gamboa/RJ, fazem rondas intimidando moradores. Ficam exibindo armas durante o dia e a noite. Na ladeira não havia este tipo de problema, Começou no final do ano devido a falta de policiamento no local. Descem pela ladeira armados e de moto para andar na rua Sacadura Cabral. Geralmente são entre 3 a 10 traficantes.
 Há mais ou menos 3 meses aqui No Bairro de Anchieta,na Rua Faustino Lins, próximo a escada que da acesso ao parque esperança, dois menores de idade aparentando ter entre 10 e 14 anos de idade, morenos claros sendo um de cabelo loiro e o outro de cabelo preto ficam na porta dos moradores vendendo e embalando drogas e impedindo o ir e vir dos moradores do local. Os mesmos já são antigos na localidade e não possuem arma de fogo. Os mesmos ficam escondendo os entorpecentes nos muros dos moradores, nos canos de passagem de água que ficam na rampa de garagem dos moradores beirando os paralelepípedos, e também em cima do muro dos moradores. Alguns moto taxistas que trabalham na localidade também participam dessa prática ilícita carregando em baixo do banco das suas motosentorpecentes em grandes quantidades. pedimos a colaboração das autoridades competentes para nos ajudar a resolver esse fato o mais rápido possivel desde já agradeço.
Boa tarde,  Hoje, dia 09/03 durante a madrugada, traficantes começaram a perfurar o asfalto da rua major Augusto cesar, em engenheiro belford.  Já existem mais duas ruas completamente perfuradas ( em anexo mapa) e com mais essa eles complemente fecharam parte do bairro no qual irá implicar na não circulação de carros, coleta de lixo e outros servicos.  Esse major, está feito pela metade, Provalvemtne amanhã terminarao.  Precisamos da polícia e da prefeitura pra tapar e os carros voltarem a circular 
Traficantes estão aterrorizando moradores
Olá venho por meio desta para informar o Tráfico de drogas na Covanca, condomínio 850 já fiz inúmeros chamados para 190 sendo que não adianta de nada espero que por aqui tomen alguma providência pois não aguento mais esses filhos de uma mãe para não falar outra coisa vender drogas no meu portão desde já agradeço a atenção boa noite 
Homens armados todos os dias 24h na minha porta vendendo drogas
Homens armados todos os dias 24h na minha porta vendendo drogas
Bom dia, nós cansamos de avisar e pior aconteceu, os bandidos da comunidade do muquiço colocaram uma boca de fumo aqui na travessa Santo António em marechal Hermes. A boca fica na reta de Deodoro, quem fica lá eno bandido de nome wesley vulgo ""russilho"" também chamado de ""russão"", ele é foragido do sistema carcerário. O mais engraçado é que ninhada viatura vai ao local para prender esse bandido que está aterrorizando a nossa rua. Pedimos ao comandante do 9 batalhão que nos ajude a prender esse bandido. Segue a foto o bandido e o branquinho da direita de blusa branca e bermuda azul.
Bandidos da comunidade do muquiço estão fugindo pela travessa Santo António em marechal Hermes, quando a polícia entra na comunidade. Eles passam correndo com armas na mão. E a polícia não prende eles. E só ficar aqui na rua. Não é possível que o comandante do 9 batalhão nunca tomou conhecimento do que acontece aqui em nossa rua porque nada é feito. Ninguém vê viatura aqui estamos abandonados. Agora colocaram uma boca de fumo na reta de Deodoro que fica no final da nossa rua. E nada foi feito para prender o bandido de vulgo russinho que é foragindo da justiça o nome dele é wesley ele é esse da foto de camisa branca e bermuda azul. Ele desfila de moto e armado sem ser incomodado, tudo isso porque nossas denúncias não foram ouvidas. Cansamos de avisar que isso aconteceria mais nada foi feito.
Trafico de drogas perturbando moradores e incrível como a policia não vem aqui uma meia dúzia de molekes com armas velhas enferrujadas perturbando moradores rua sem saída por favor peça ao pessoal do 12Ëdar uma dura aqui na rua 21 no final da rua no engenho do mato  Tem uma moto popi amarela que do gerente da boca ele anda livremente aqui com um revolver na cintura intimidando todos e um muleke magrinho mais ou menos 1.70 branco cabelo baixinho preto eles ficam muito na casa numero 12 da rua 21 (final da rua e mais afrente no final da rua se costumam começar o movimento as 11.00hs


### Response:
{
  ""PESSOA"": [
    ""foragido do sistema"",
    ""propriet\u00e1rio"",
    ""alunos"",
    ""Vila Santa Luzia"",
    ""a pol\u00edcia"",
    ""fam\u00edlia"",
    ""Homens armados"",
    ""mulher"",
    ""2 homens armados"",
    ""expulsando"",
    ""DESGRA\u00c7ADOS"",
    ""gente"",
    ""vez"",
    ""s\u00edndica geral"",
    ""para"",
    ""BAMDIDOS"",
    ""\""russ\u00e3o\"""",
    ""seguran\u00e7a armado"",
    ""milicianos"",
    ""  Minha m\u00e3e"",
    ""3 mulheres"",
    ""2 crian\u00e7as"",
    ""O"",
    ""pitter"",
    ""vinte muleques"",
    "".\nEst\u00e1 sendo anunciado"",
    ""AUTORIDADES POLICIAIS"",
    ""Hugo Freitas"",
    ""pessoa"",
    ""Tiago paiva"",
    ""Ronaldinho"",
    ""adolecente"",
    ""cobradoras"",
    ""respons\u00e1vel"",
    ""policial"",
    ""Rodrigo Moreira Pereira"",
    ""\"""",
    ""meia d\u00fazia de molekes"",
    ""Bandidos da comunidade"",
    ""jovens"",
    ""5 jovens"",
    ""gerente da boca"",
    ""droga entra"",
    ""rio de janeiro-RJ"",
    ""russinho"",
    ""sociais"",
    ""morenos"",
    ""garotas de programa"",
    ""na"",
    ""Mateus kurber"",
    ""fabio do nascimento melo"",
    ""guto"",
    ""Guilherme"",
    ""bandidos "",
    ""usu\u00e1rios"",
    ""marcelo nogueira"",
    ""dia"",
    ""traficantes"",
    ""e"",
    ""Mulher"",
    ""moto taxi"",
    ""usuarios de drogas"",
    ""Alunos"",
    ""gerente"",
    ""no 2and"",
    ""como varias"",
    ""homem"",
    ""parados"",
    ""Este homem"",
    ""barbearia"",
    ""Fernando"",
    ""joarene Nogueira junior"",
    ""noite"",
    ""marginais"",
    ""moradores"",
    ""aohxyakzmw"",
    ""anivers\u00e1rio"",
    ""1 negro"",
    ""bandido"",
    ""Diego Oliveira"",
    ""aguento mais"",
    ""fabinho"",
    ""alto O"",
    ""Pedro Borges"",
    ""Milicianos"",
    ""caras"",
    ""vendendo"",
    ""Pr\u00e9dio"",
    ""mulher de leo"",
    ""Traficante"",
    ""4 brancos"",
    ""tendo"",
    ""e barros"",
    ""morador"",
    ""bandidos da comunidade"",
    ""portugal"",
    ""moto taxistas"",
    ""rodrigo"",
    ""wesley"",
    ""Vereadora Rosa Fernandes"",
    ""Guto"",
    ""branquinho"",
    ""Lucas Rog\u00e9rio"",
    ""minha m\u00e3e"",
    ""Rapaz"",
    ""traficante"",
    ""Pol\u00edcias"",
    ""Minha denuncua \u00e9"",
    ""Traficantes"",
    ""V\u00e1rios marginais"",
    ""Meu vizinho"",
    ""a"",
    ""wesley vulgo \""russilho\"""",
    ""Indiv\u00edduos"",
    ""minha resid\u00eancia"",
    ""usu\u00e1rio de drogas"",
    ""muita"",
    ""Elementos"",
    ""policiais"",
    ""seus"",
    ""na minha"",
    ""multas PLACA LNO"",
    ""Usu\u00e1rios de drogas"",
    ""homens armado"",
    ""que"",
    ""dele delegado"",
    ""sem"",
    ""crian\u00e7a"",
    ""os meninos do r\u00e1dio"",
    ""nayara"",
    ""amea\u00e7ados de"",
    ""Pms"",
    ""drogas"",
    ""V\u00e1rios bandidos"",
    ""bandidos"",
    ""a ajuda da"",
    ""Frequentadores"",
    ""Pereira."",
    ""moreno"",
    ""compar\u00e7as"",
    ""donos do peda\u00e7o"",
    ""de"",
    ""morte"",
    ""Reginaldo"",
    ""cidad\u00e3o de bem"",
    ""em grupinhos na"",
    ""aguardo"",
    ""da"",
    ""de idade"",
    ""Moradores"",
    ""dois individuos"",
    ""Mateus olivira"",
    ""usuarios"",
    ""crian\u00e7as"",
    ""indiv\u00edduos armados"",
    ""Decy"",
    ""ramalho monteiro"",
    ""8 bandidos"",
    ""Indiv\u00edduos armados"",
    ""vagabundos"",
    ""Dy bala"",
    ""meliantes"",
    ""cabeleireiro"",
    ""Uma mulher  morena"",
    ""pessoas"",
    ""  na localidade ,"",
    ""souza"",
    ""Muleques"",
    ""filho da propriet\u00e1ria"",
    ""um muleke magrinho"",
    ""Agora"",
    ""se n\u00e3o"",
    ""meu vizinho"",
    ""Pol\u00edcia"",
    ""Pessoas"",
    ""em"",
    ""D\u00e9bora""
  ],
  ""LOCAL"": [
    ""Vila Santa Luzia"",
    ""Rua Curva do S. Sta Luzia"",
    ""tijuca"",
    ""bairros da california"",
    ""avenidas"",
    ""com\u00e9rcio de santa margarida"",
    ""Inha\u00fama"",
    ""pra\u00e7a d\u00e1 Vila e tamb\u00e9m"",
    "", obrigado pela"",
    ""comunidade do mata machado"",
    ""estao metidos entre"",
    ""rua Lancastre"",
    ""a residencias"",
    ""sao gon\u00e7alo"",
    ""brisolinha"",
    ""comunidade"",
    ""feju e tio"",
    ""dono"",
    ""baixar do sapateiro"",
    ""Pca seca"",
    ""muqui\u00e7o"",
    ""Boa noite,"",
    ""rua antonio da silva reis"",
    ""vizinhan\u00e7a.\nTem una"",
    ""porto do rosa"",
    "",as"",
    ""favelas"",
    ""rua monteiro da silva"",
    ""barra nova"",
    ""RJ"",
    ""AUMENTA"",
    ""ruas iara e sangento Jorge monsores"",
    ""maria"",
    ""area residencial"",
    ""os bairros da"",
    ""campinho"",
    ""Duque de Caxias"",
    ""casa 20 d\u00e1 rua G"",
    ""Iraj\u00e1"",
    ""rua do col\u00e9gio Marc\u00edlio dias"",
    ""divisa"",
    ""morada do bracui"",
    ""com umas"",
    ""100 metros do batalh\u00e3o de choque"",
    ""rio de janeiro-RJ"",
    ""Inhauma"",
    ""rua Engenho d\u00e1 Rainha,316 ,rua G casa 20,uma"",
    ""complexo da mar\u00e9"",
    ""pra\u00e7a do \u00f3nibus 296"",
    ""Rocinha"",
    ""inhauma"",
    ""Mau\u00e1"",
    ""engenho novo"",
    ""vila mimosa"",
    ""outras coisas"",
    ""ponta negra"",
    ""rua Bar\u00e3o de S\u00e3o F\u00e9lix"",
    ""morro sao feju e tio bola"",
    ""condom\u00ednio na R ua Barao 23"",
    ""balne\u00e1rio das conchas"",
    ""professora maria nina,rua seis,ramalho monteiro e portela ou buraco da cobra"",
    ""borel"",
    ""do"",
    ""rua Itagua\u00ed,110"",
    ""a praia de Icara\u00ed"",
    ""S\u00e3o Gon\u00e7alo RJ"",
    ""Niter\u00f3i"",
    ""copacabana "",
    ""comunidade da 40"",
    ""guadalupe"",
    ""marica"",
    ""200 metros da 6\u00badp"",
    ""Magar\u00e7a"",
    ""s\u00e3o Pedro d\u00e1 Aldeia"",
    ""jacone"",
    ""barbearia"",
    ""s\u00e3o coagidos a"",
    ""parque esperan\u00e7a"",
    ""rua no engenho do mato"",
    ""O PODER DA IMPUNIDADE"",
    ""Tr\u00e1fico de drogas"",
    ""RJ 114"",
    ""S\u00e3o Gon\u00e7alo"",
    ""Bairro de Anchieta"",
    ""Jardim Olavo Bilac"",
    ""Angra dos reis"",
    ""rua acajutiba lt15 qd143 santa margarida"",
    ""Caixas"",
    ""passarela da barra"",
    ""baca x\u00e1"",
    ""rua Galileia"",
    ""chapad\u00e3o"",
    ""Ruas 38 37 36 35 34 33 32"",
    ""rua 13"",
    ""boa\u00e7u"",
    ""Rua 39 e 40"",
    ""Rua doutor Lucio"",
    "",nao aguentamos essa situa\u00e7ao,"",
    ""Deodoro"",
    ""Gamboa"",
    ""bairro roseiral"",
    ""alto da boa vista"",
    ""rua Sacadura Cabral"",
    ""regiao de jacon\u00e9 e barra nova"",
    ""Traficante fugitivo"",
    ""da cidade, numa"",
    ""de 10 metros do samb\u00f3dromo"",
    ""rua Dr Paulo C\u00e9sar"",
    ""mata machado"",
    ""foram fechadas as ruas"",
    ""regi\u00e3o dos lagos"",
    ""vila"",
    "",rua seis"",
    ""comunidade menino de Deus"",
    ""rua mariz e barros"",
    ""Copacabana"",
    ""a ordem publica na"",
    ""S\u00e3o Jo\u00e3o de Meriti"",
    ""baixada ate no"",
    ""praia de Icara\u00ed"",
    ""ligada ao fluxo de drogas e armas em s\u00e3o"",
    ""parque uni\u00e3o"",
    ""entre"",
    ""esquema"",
    ""rio de janeiro"",
    ""Caminho das oliveiras ;n\u00ba4,muitos"",
    ""mutua"",
    ""Rua Faustino Lins"",
    ""tubos"",
    ""samb\u00f3dromo"",
    ""linha vermelha"",
    ""nutuagua\u00e7u"",
    ""de frente ao"",
    ""Olegario Nascimento"",
    ""se"",
    ""da portaria junto a"",
    ""senador camar\u00e1"",
    ""engenheiro belford"",
    ""rua prado J\u00fanior"",
    ""comunidade \u00e1guia de ouro"",
    ""comunidade do guarda"",
    ""marechal Hermes"",
    ""ruas Guarapuava, Geolandia e outras"",
    ""Ruas 39 e 40"",
    ""rua major Augusto cesar"",
    ""passa todos os"",
    ""a 80 metros do cicc("",
    ""H\u00e1 na Rua"",
    ""Marc\u00edlio dias ,"",
    ""Covanca"",
    ""ficam na"",
    ""rua Galileia 7"",
    ""por meio deste denunciar"",
    ""ponto e muitos jovens "",
    ""de"",
    ""tijuca e arredores"",
    ""brisolao"",
    ""rua mariz e barros ,"",
    ""rua do imperador"",
    ""bairro de Inhauma"",
    ""um dep\u00f3sito clandestino"",
    ""complexo da mare"",
    ""antares"",
    ""regiao dos lagos"",
    "".O mesmo"",
    ""do r\u00e1dio"",
    ""bloco Para\u00edba"",
    ""Rua do Imperador"",
    ""um"",
    ""rodoviaria novo rio"",
    ""rua Jos\u00e9 Ant\u00f3nio de Melo 16"",
    ""favela do acari"",
    ""vagas de drogas e"",
    ""costa Braga"",
    ""usu\u00e1rios de drogas"",
    "". \nEssa"",
    ""travessa Santo Ant\u00f3nio"",
    ""morro do s\u00e3o jo\u00e3o"",
    ""Jardim Catarina Novo divisa Sta Luzia"",
    ""Prado junior.quadra"",
    ""baixada"",
    ""Parque Paulista Duque de Caxias Rj nas ruas 18 com 35"",
    ""ostensivo no.local"",
    ""ladeira do livramento"",
    ""dentro do estacionamento"",
    ""outras, do""
  ],
  ""ORG"": [
    ""APOLICIA"",
    ""associa\u00e7\u00e3o de moradores"",
    ""dpo"",
    ""Extra"",
    ""cicc"",
    ""irmao"",
    ""de suas residencia"",
    ""POLICIA"",
    ""policiamento"",
    ""movimenta\u00e7\u00e3o com tr\u00e1fico e consumo"",
    ""e"",
    ""pf"",
    ""batalh\u00e3o d\u00e1 PM"",
    ""pol\u00edcia federal"",
    ""9 batalh\u00e3o"",
    ""7 Bpm"",
    ""Comlurb"",
    ""7o BPM"",
    ""!!!"",
    ""foi criada a Associa\u00e7\u00e3o de"",
    ""onde"",
    ""Traficantes"",
    ""correios"",
    ""pol\u00edcia"",
    ""que est\u00e3o aterrorizando"",
    ""os finais de"",
    ""IML"",
    "", al\u00e9m"",
    ""policia"",
    ""autoridades competentes"",
    ""PPC comunit\u00e1rio"",
    ""Associa\u00e7\u00e3o de Moradores do Mangueir\u00e3o"",
    ""p2"",
    ""tijuca e"",
    ""e anda sendo"",
    ""col\u00e9gio Marc\u00edlio dias"",
    ""Regi\u00e3o"",
    ""se"",
    ""PM"",
    ""batalh\u00e3o de pol\u00edcia da cidade"",
    ""escola p\u00fablica"",
    ""6\u00badp"",
    ""policiais militares"",
    ""tcp"",
    ""carros d\u00e1 pol\u00edcia"",
    ""prefeitura"",
    ""policia militar""
  ]
}
",UBIAI_data
