Entity,Label
rua,location
bandidos,person
homem,person
Pessoas,person
região,location
Pessoas,person
região,location
rapaz,person
Hugo,person
traficante,person
rua,location
Leblon,location
polícia,organization
favela,location
moradores,person
morador,person
casa,location
favela,location
duque,person
Deus,person
mulher,person
Fabiana,person
marido,person
Bangu,location
marido,person
loja,organization
ilícitos,person
YouTube,organization
Facebook,organization
Indivíduo,person
Av,organization
Traficantes,person
moradores,person
salão,location
terreno,location
lugar,location
vagabundos,person
casa,location
traficantes,person
moradores,person
marechal,person
Hermes,person
bandidos,person
favela,location
wesley,person
casa,location
mãe,person
primo,person
policial,person
Renato,person
sobrinho,person
policial,person
UPP,organization
Clayton,person
familiar,person
todos,person
rua,location
pm,person
polícia,organization
favela,location
ninguém,person
pm,person
traficantes,person
área,location
comandante,person
batalhão,organization
Deus,person
comandante,person
batalhão,organization
marechal,person
Hermes,person
favela,location
rua,location
rua,location
todos,person
polícia,organization
wesley,person
casa,location
mãe,person
ninguém,person
moradores,person
favela,location
rua,location
comandante,person
batalhão,organization
comunidade,person
Emanuel,person
Homem,person
outro,person
casa,location
Aki,person
comunidade,person
Chacrinha,location
Jacarepaguá,location
mercado,location
creche,organization
entregadores,person
mercado,location
crianças,person
creche,organization
pirata,person
pirata,person
homem,person
rua,location
Todos,person
região,location
moradores,person
morador,person
chefe,person
Anderson,person
Barreiro,person
Ronie,person
Rinite,person
filhos,person
Barreiro,person
Tomie,person
usuários,person
local,location
casa,location
família,person
pessoas,person
pessoas,person
bar,location
Pantanal,location
padaria,location
barqueiros,person
localidade,location
rua,location
rua,location
traficantes,person
rua,location
moradores,person
rua,location
polícia,organization
rua,location
crianças,person
moradores,person
rua,location
Miliciano,person
Polícia,organization
chefe,person
outro,person
comunidade,location
papa,person
moradores,person
delegacia,organization
comunidade,person
rua,location
esquina,location
Largo,location
comunidade,person
igrejinha,location
Eu,person
Homens,person
SAEM,person
CASA,location
USUARIO,person
SAEM,person
CAFUBÁ,location
mulheres,person
TRAFICANTES,person
Bar,location
assaltar,person
hospital,location
bairro,location
hospital,location
assaltou,person
hospital,location
crianças,person
senhoras,person
usuários,person
criança,person
Local,location
favela,location
comunidade,location
Deus,person
bandidos,person
moradores,person
moradores,person
polícia,organization
marginais,person
Solicito,person
meliantes,person
rua,location
ES,location
Homens,person
campo,location
condomínio,location
Luz,person
Light,organization
Maconha,person
polícia,organization
Petrópolis,location
praça,location
Homem,person
estudante,person
traficante,person
Fernando,person
portador,person
favela,location
Tijuca,location
domicílio,location
moradores,person
traficantes,person
ruas,location
esquina,location
esquina,location
bairro,location
empresa,organization
UNIQBAN,organization
rua,location
calçada,location
moradores,person
bairro,location
região,location
empresa,organization
local,location
Campo,location
jardim,location
moradora,person
kitnet,organization
Traficantes,person
polícia,organization
polícia,organization
comunidade,location
jardim,location
colégio,organization
polícia,organization
rua,location
sinagoga,location
casa,location
homens,person
homem,person
mulheres,person
mulheres,person
lugar,location
região,location
Bandidos,person
rua,location
moradores,person
bairro,location
Bandidos,person
esquina,location
moradores,person
motoristas,person
Bandidos,person
bairro,location
local,location
Pessoal,person
residência,location
comunidade,location
Moradores,person
estabelecimento,organization
area,location
residencial,location
ruas,location
Boca,organization
traficantes,person
Boca,organization
rua,location
rua,location
bar,location
esquina,location
dona,person
bar,location
polícia,organization
bar,location
bar,location
morador,person
bairro,location
rua,location
rua,location
bandidos,person
ruas,location
moradores,person
pmerj,organization
bairro,location
empresa,organization
cidade,location
prefeitura,organization
rio,location
Leopoldina,person
estrangeiros,person
ruas,location
local,location
cidadão,person
contribuinte,person
bandidos,person
policial,person
conivente,person
rua,location
Jockey,organization
RJ,location
Bandido,person
capital,location
população,person
Petrópolis,location
Jean,person
imediações,location
bairro,location
polícia,organization
Roberta,person
cidade,location
população,person
traficantes,person
morro,location
bortafogo,location
policiais,person
UPP,organization
traficantes,person
integrantes,person
Facebook,organization
Bandidos,person
residências,location
local,location
vila,location
Isabel,person
rua,location
Silva,person
milícia,person
parque,location
milícia,organization
Pantanal,location
parque,location
Wona,location
parque,location
parque,location
Pilar,location
parque,location
Suécia,location
Sarapuí,location
jardim,location
Gramacho,location
bandidos,person
milicianos,person
Diego,person
Rafael,person
russão,person
jardim,location
china,location
bairro,location
parque,location
moradores,person
Rafael,person
polícia,organization
homem,person
hospital,location
moradores,person
localidade,location
criminosos,person
bairro,location
vítima,person
Denilsson,person
melicianos,person
banco,organization
motorista,person
Peugeot,organization
meliante,person
morro,location
bairro,location
criminosos,person
área,location
vila,location
garagem,location
vila,location
polícia,organization
indivíduos,person
outros,person
facção,organization
moradores,person
outros,person
morro,location
policiais,person
Facebook,organization
Homem,person
casa,location
Jefferson,person
casa,location
Fernando,person
Fernando,person
sogra,person
Fernando,person
sogra,person
Jefferson,person
Fernando,person
Sofia,person
enteada,person
filha,person
Jefferson,person
menina,person
IML,organization
Fernando,person
menina,person
Jefferson,person
facebook,organization
viuva,person
Fernando,person
Pedreira,location
homens,person
mulheres,person
filhos,person
casa,location
TRAFICANTES,person
PEDREIRA,person
RONALDO,person
DONO,person
ITAGUAÍ,location
RONALDO,person
EMPRESA,organization
EMPRESAS,organization
EMPRESAS,organization
FORNECEDORES,person
CONTADOR,person
ADVOGADO,person
Nem,person
residência,location
senhor,person
Manuel,person
local,location
local,location
residência,location
polícia,organization
localização,location
localidade,location
local,location
moradores,person
indivíduo,person
Gmail,organization
Av,organization
domicilio,location
outrem,person
Gmail,organization
MILÍCIA,organization
SEPETIBA,location
PRAIA,location
PRESIDENTE,person
ASSOCIAÇÃO,organization
PRAIA,location
MILÍCIA,organization
SEPETIBA,location
HOMEM,person
BMW,organization
MILÍCIA,organization
assassinos,person
policial,person
região,location
méyer,person
cúmplices,person
complexo,location
autoridades,person
morro,location
Ipase,organization
bandidos,person
local,location
menor,person
menor,person
moradores,person
residência,location
avós,person
arredores,location
bairro,location
vila,location
vila,location
local,location
Homens,person
escadarias,location
andar,location
indivíduos,person
Vendedores,person
Evanildo,person
Davide,person
Colibri,person
Gustavo,person
todos,person
equipe,person
bar,location
Ruan,person
bar,location
casa,location
Gabriel,person
mãe,person
Ane,person
ADA,organization
comunidade,person
moradores,person
moradores,person
região,location
moradores,person
moradores,person
bandido,person
lote,location
andar,location
dono,person
ilícitos,person
YouTube,organization
Facebook,organization
Indivíduo,person
Av,organization
HOMENS,person
rua,location
RJ,location
Vandinho,person
filho,person
Wagner,person
local,location
polícia,organization
casa,location
Fernandinho,person
morador,person
rua,location
mulher,person
Tita,person
Cristiane,person
filhos,person
Ruan,person
Juan,person
esquina,location
rua,location
traficantes,person
moradores,person
localidade,location
todos,person
polícia,organization
DPO,organization
local,location
traficantes,person
rua,location
dono,person
moradores,person
gerente,person
local,location
Renato,person
presidio,location
traficante,person
Pit,person
amante,person
mulher,person
Adriana,person
vendedor,person
Guthyerre,person
mulher,person
mulher,person
amigo,person
morro,location
Facebook,organization
filho,person
ruas,location
Ipanema,location
Cristo,person
Cristo,person
presidio,location
amigos,person
filho,person
Luidy,person
justiça,organization
mulher,person
Adriana,person
Facebook,organization
assassino,person
Joel,person
lagoa,location
Criancas,person
comunidade,location
menino,person
moradores,person
bairro,location
barraca,location
igreja,location
Cristo,person
campo,location
Bandidos,person
rua,location
Covanca,location
comunidade,person
rua,location
irmãos,person
crianças,person
ninguém,person
criança,person
residencias,location
rua,location
usuário,person
moradores,person
rua,location
jovens,person
menores,person
ilícitos,person
YouTube,organization
Facebook,organization
Indivíduo,person
Av,organization
Traficantes,person
morro,location
embaixador,person
moradores,person
local,location
fazenda,location
ilícitos,person
YouTube,organization
Facebook,organization
Indivíduo,person
Av,organization
praça,location
McDonalds,organization
praia,location
local,location
guardas,person
praça,location
famílias,person
crianças,person
espaço,location
Detran,organization
moradores,person
rapaz,person
Eduardo,person
Policial,organization
moradores,person
Polícia,organization
rapaz,person
homem,person
produtora,person
rapaz,person
irmãos,person
produtora,person
RJ,location
site,organization
rua,location
bandidos,person
Jovens,person
comunidade,location
pm,person
comunidade,location
polícia,organization
traficantes,person
Fiat,organization
rua,location
lírios,person
rua,location
rua,location
RJ,location
homens,person
quadra,location
Madame,person
area,location
proximidades,location
bandidos,person
rua,location
bairro,location
moradores,person
Nei,person
casa,location
traficantes,person
moderadores,person
bairro,location
taxista,person
traficante,person
policiais,person
rua,location
pessoas,person
Rafael,person
polícia,organization
local,location
local,location
ladrão,person
gerentes,person
rua,location
Traficante,person
comunidade,person
campo,location
prefeitura,organization
creche,organization
parque,location
morador,person
funcionário,person
creche,organization
LOCAL,location
vila,location
rua,location
parque,location
campo,location
vila,location
prédio,location
área,location
moradores,person
moradores,person
LOCAL,location
todos,person
rua,location
vila,location
mexicano,person
rua,location
campo,location
vila,location
mexicano,person
moradores,person
LOCAL,location
rua,location
vila,location
mexicano,person
campo,location
vila,location
moradores,person
LOCAL,location
campo,location
rua,location
jardim,location
rua,location
terreno,location
lugar,location
rua,location
moradores,person
rua,location
rua,location
bairro,location
autoridades,person
rua,location
polical,person
rua,location
esquina,location
rua,location
bandidos,person
bandidos,person
rua,location
moradores,person
faróis,person
moradores,person
homens,person
rua,location
Traficantes,person
comerciantes,person
centro,location
Traficantes,person
ruas,location
bairro,location
ministério,organization
galpão,location
Mesquita,person
comunidade,location
menino,person
Deus,person
batalhão,organization
cidade,location
município,location
traficantes,person
Policiais,person
DP,organization
policiais,person
policiais,person
prédio,location
bairro,location
cidade,location
Porteiro,person
moradores,person
delegados,person
indivíduo,person
delegacia,organization
RJ,location
cidade,location
RJ,location
diretor,person
DETRAN,organization
cidade,location
vereador,person
cidade,location
deputado,person
filho,person
vizinho,person
colegas,person
campo,location
escolas,organization
região,location
marido,person
pais,person
morro,location
Mangueira,location
criminosos,person
criminosos,person
área,location
área,location
policiais,person
moradores,person
morro,location
comunidades,person
pessoa,person
ponto,location
Bandido,person
Complexo,location
todos,person
Complexo,location
todos,person
localidade,location
namorado,person
moradores,person
bairro,location
rua,location
rua,location
agente,person
gente,person
trabalhadores,person
ilha,location
Tijuca,location
condominio,location
moradora,person
maria,person
pessoas,person
pessoas,person
rapazes,person
proximidades,location
local,location
moradores,person
pessoal,person
local,location
moradores,person
traficantes,person
envolvidos,person
cracolândia,location
local,location
área,location
policia,organization
comandante,person
batalhão,organization
marechal,person
vítima,person
bandidos,person
bandido,person
favela,location
Deus,person
coronel,person
rua,location
sociedade,organization
alguém,person
Gerente,person
rua,location
Lapa,location
Binho,person
rua,location
pedestres,person
favela,location
criminosos,person
laranjal,location
bandido,person
rapaz,person
policia,organization
delegacia,location
policia,organization
área,location
traficante,person
policia,organization
casa,location
criança,person
casa,location
policia,organization
FIAT,organization
ROUBADA,location
rua,location
garagem,location
Moradores,person
local,location
Tiros,organization
Criminosos,person
Polícia,organization
homens,person
esquina,location
igreja,location
rua,location
pessoas,person
policia,organization
pessoas,person
Russa,location
Homens,person
Marcos,person
mandante,person
miliciano,person
Carlinhos,person
Ricardo,person
milicianos,person
santacruz,location
Carlinhos,person
prefeito,person
Seropédica,location
usuário,person
rua,location
rua,location
rua,location
meliantes,person
amante,person
articuladora,person
facção,organization
comparsas,person
facção,organization
Brant,person
chefe,person
Wellington,person
Átila,person
comunidade,location
vizinhança,person
CASA,location
PESSOAS,person
ENTORPECENTES,person
USUARIOS,person
LOCAL,location
UBER,organization
POLICIA,organization
LOCAL,location
ENTORPECENTES,person
LOCAL,location
maconheiros,person
casa,location
casa,location
casa,location
Bomba,person
morro,location
traficante,person
Ataque,person
rua,location
bar,location
patrick,person
bar,location
patrick,person
rua,location
Ataque,person
Bomba,person
amigo,person
Ataque,person
Bomba,person
jeffinho,person
Tiele,person
rua,location
traficante,person
jeffinho,person
Tiele,person
Bomba,person
rua,location
Bomba,person
jeffinho,person
Tiele,person
gustavo,person
rua,location
fox,person
favela,location
jeffinho,person
mãe,person
casa,location
Motorista,person
PM,organization
bairro,location
Autor,person
Alexandre,person
calçadas,location
Vila,location
praça,location
rua,location
miliciano,person
policial,person
casa,location
moradores,person
condomínio,location
barraco,location
morador,person
Solicito,person
morador,person
menores,person
Mateus,person
casa,location
casa,location
Renata,person
Homens,person
Ford,organization
ilícitos,person
YouTube,organization
Facebook,organization
Indivíduo,person
Av,organization
policiais,person
batalhão,organization
rua,location
padaria,location
bairro,location
rua,location
policiais,person
bairro,location
pessoas,person
delegacia,location
casas,location
ladrões,person
rua,location
local,location
homens,person
moradores,person
local,location
pessoas,person
área,location
Bandidos,person
moradores,person
local,location
TRAFICANTES,person
ESTADOS,location
POLICIA,organization
SNIPERS,person
SNIPERS,person
TERRA,location
INFERNOS,person
bandidos,person
igreja,location
rua,location
rua,location
indivíduo,person
Gmail,organization
domicilio,location
alguém,person
vítima,person
outrem,person
Gmail,organization
rua,location
favela,location
bairro,location
Delamare,person
cidade,location
Deus,person
cidade,location
Deus,person
indivíduo,person
colaboradores,person
condomínio,location
usuários,person
polícia,organization
rua,location
Laranjal,location
Luciano,person
polícia,organization
mãe,person
rua,location
Morro,location
polícia,organization
policia,organization
casas,location
irmão,person
Sandro,person
avô,person
casa,location
bar,location
gente,person
Sandro,person
casa,location
quintal,location
trabalhadores,person
Sandro,person
polícia,organization
vizinhos,person
Sandro,person
mulher,person
filha,person
casa,location
avô,person
mãe,person
Luciano,person
mae,person
pessoas,person
casa,location
idosos,person
Mercedes,person
rua,location
caras,person
sobrado,location
casa,location
caras,person
outrem,person
Inquilino,person
YouTube,organization
Facebook,organization
Whatsapp,organization
SEAP,organization
Senhores,person
comunidades,person
fazendas,location
presos,person
cidades,location
Estado,location
humanos,person
Deus,person
criminosos,person
humanos,person
Traficante,person
Wilson,person
dono,person
Rua,location
Traficantes,person
moradores,person
Rua,location
Rua,location
condomínio,location
moradores,person
Rita,person
agente,person
bandidos,person
rua,location
Garoto,person
outro,person
Jabaquara,location
canal,organization
localidade,location
comunidade,person
morro,location
Ipase,organization
batalhão,organization
homens,person
morro,location
moradores,person
morro,location
comunidade,person
morro,location
Penha,location
Rondinho,person
Smith,person
pescador,person
local,location
vereador,person
Bandidos,person
moradores,person
rua,location
condomínio,location
rua,location
condomínio,location
localidade,location
usuários,person
compradores,person
condomínio,location
esquina,location
padaria,location
olheiro,person
rua,location
policiais,person
humanos,person
POLICIAIS,person
DELEGADO,person
TRAFICANTES,person
TRAFICANTE,person
Traficantes,person
casas,location
local,location
praia,location
ruas,location
ladrão,person
Traficantes,person
CV,organization
olheiro,person
Farias,person
polícia,organization
local,location
polícia,organization
alguém,person
bandidos,person
FTE,organization
homens,person
desgraçado,person
policial,person
pessoa,person
inocente,person
traficante,person
policia,organization
delegacia,location
morro,location
casa,location
Traficantes,person
rua,location
moradores,person
Homens,person
traficantes,person
rua,location
moradores,person
ilícitos,person
YouTube,organization
Facebook,organization
Indivíduo,person
Av,organization
comunidade,location
comerciantes,person
empresa,organization
bandidos,person
casal,person
bebê,person
UERJ,organization
vizinhanca,person
RJ,location
casa,location
calçada,location
residência,location
dona,person
casa,location
senhora,person
Felipe,person
walmizinho,person
quarto,location
Walmir,person
namorada,person
casa,location
namorada,person
Inquilino,person
ilícitos,person
YouTube,organization
Facebook,organization
Whatsapp,organization
pais,person
complexo,location
quintal,location
rua,location
policia,organization
ninguem,person
vendedor,person
RUA,location
Petropolis,location
museu,location
Vizinho,person
escola,organization
barraco,location
família,person
pessoas,person
local,location
Todos,person
região,location
local,location
pessoas,person
rapazes,person
Goa,location
estrada,location
Niterói,location
local,location
campo,location
criminosos,person
rua,location
moradores,person
localidade,location
vizinhança,person
autoridade,person
Traficantes,person
rua,location
esquina,location
moradores,person
vizinho,person
Ruan,person
pessoas,person
casa,location
traficantes,person
moradores,person
animais,person
shopping,location
casa,location
local,location
Familia,person
local,location
local,location
Netinho,person
autoridade,person
escola,organization
alunos,person
escola,organization
pessoas,person
casas,location
quintal,location
casa,location
rapaz,person
casa,location
bandidos,person
médica,person
Búzios,location
acusado,person
casa,location
vítima,person
vitima,person
justiça,organization
próximo,person
senhora,person
indivíduo,person
acusado,person
envolvido,person
homens,person
ruas,location
bairro,location
ruas,location
bandidos,person
ruas,location
rua,location
rua,location
polícia,organization
bandidos,person
marechal,person
Hermes,person
Deodoro,person
bandido,person
wesley,person
foragido,person
local,location
bandido,person
rua,location
comandante,person
bandido,person
bandido,person
Rua,location
traficantes,person
praça,location
campo,location
ilícitos,person
YouTube,organization
Facebook,organization
Indivíduo,person
Av,organization
autoridades,person
menores,person
crianças,person
organizadores,person
batalhão,organization
local,location
quadra,location
escola,organization
rua,location
Tiago,person
rua,location
HOMENS,person
RUA,location
RUA,location
PRAÇA,location
apartamento,location
andar,location
predio,location
avenida,location
grupo,organization
imóvel,location
varanda,location
alguem,person
HOMENS,person
RUAS,location
polícia,organization
HOMEM,person
loja,organization
CARMELO,person
HOMEM,person
rua,location
HOMEM,person
RUA,location
rua,location
padre,person
mamãe,person
pessoas,person
tenda,location
todos,person
Caxias,location
vagabundos,person
Deus,person
Rodrigo,person
Davi,person
polícia,organization
morro,location
meliantes,person
rua,location
casas,location
prefeitura,organization
casas,location
igreja,location
Familiares,person
crianças,person
rua,location
polícia,organization
igreja,location
crianças,person
Traficanetes,person
rua,location
quintal,location
rua,location
calçada,location
RODRIGO,person
MAICON,person
GILBERTO,person
local,location
condomínio,location
Homens,person
local,location
Angra,location
RJ,location
comerciantes,person
angra,location
PMs,person
marginais,person
Batalhão,organization
delegacia,location
MP,organization
Angra,location
GAP,organization
Joelson,person
Bosi,person
Sandro,person
França,person
MP,organization
esposa,person
Bosi,person
GAP,organization
juíza,person
oficial,person
PT,organization
traficantes,person
Mercedes,organization
rua,location
Bandidos,person
região,location
Niterói,location
moradores,person
região,location
Policias,organization
traficantes,person
Apartamentos,location
rua,location
Daniel,person
UPP,organization
rua,location
traficantes,person
menores,person
moradores,person
casa,location
marginais,person
regiões,location
Barra,location
Freguesia,location
Apartamentos,location
policiais,person
UPP,organization
traficantes,person
rua,location
Daniel,person
Facebook,organization
organizadores,person
Facebook,organization
marginais,person
rua,location
Vagabundos,person
rua,location
rua,location
polícia,organization
Vagabundos,person
rua,location
povo,person
rua,location
casas,location
Traficantes,person
local,location
famílias,person
rua,location
vila,location
vila,location
outrem,person
Inquilino,person
YouTube,organization
Facebook,organization
Whatsapp,organization
pessoas,person
Homem,person
ADA,organization
amigos,person
ladrão,person
Indivíduos,person
Central,location
usuários,person
Solicito,person
traficantes,person
cidade,location
região,location
rua,location
local,location
traficantes,person
região,location
traficantes,person
facção,organization
rua,location
Individuo,person
difamador,person
esquina,location
grupo,organization
bairro,location
policiais,person
região,location
todos,person
todos,person
fabrica,organization
residencia,location
pessoa,person
Rafael,person
Ivone,person
pai,person
Paulo,person
Rafael,person
rua,location
pessoas,person
caras,person
casa,location
rua,location
vizinhança,person
rua,location
rua,location
jardim,location
vagabundos,person
rua,location
polícia,organization
irmãos,person
casa,location
traficantes,person
Malvina,person
Caxias,location
mãicom,person
gramado,location
Morro,location
moradores,person
região,location
motoristas,person
Polícia,organization
alguém,person
Morro,location
Copacabana,location
apartamentos,location
José,person
sogro,person
Sr,person
vereador,person
Mantena,location
Serra,person
casa,location
rua,location
residência,location
Sr,person
distrito,location
Limeira,location
vitima,person
hospital,location
Itabirinha,person
líder,person
morador,person
Limeira,location
vitima,person
autor,person
genro,person
autor,person
Limeira,location
família,person
sogro,person
Mantena,location
vereador,person
IML,organization
local,location
rua,location
Prisma,organization
condomínio,location
bairro,location
amigos,person
Deus,person
indivíduo,person
rua,location
casa,location
estrada,location
estação,location
policial,person
dono,person
Homens,person
rua,location
bairro,location
morro,location
Ipase,organization
bandidos,person
moradores,person
local,location
Rondinho,person
pescador,person
autoridades,person
morro,location
casa,location
Liliane,person
morro,location
bar,location
Bandidos,person
casas,location
rua,location
policiais,person
traficantes,person
Traficantes,person
colégio,organization
estação,location
esquina,location
ABRIGO,person
ASSOCIAÇÃO,organization
MORADORES,person
ilícitos,person
YouTube,organization
Facebook,organization
Indivíduo,person
Av,organization
traficante,person
ninguém,person
casa,location
menores,person
ilícitos,person
YouTube,organization
Facebook,organization
Indivíduo,person
Av,organization
traficantes,person
morro,location
rua,location
rua,location
prefeitura,organization
rio,location
moradores,person
casas,location
village,location
morro,location
policial,person
local,location
familiares,person
ninguem,person
bairro,location
bandidos,person
região,location
casa,location
pessoas,person
traficantes,person
localidades,location
Bandidos,person
moradores,person
localidade,location
jovens,person
condomínio,location
soldado,person
milícia,organization
polícia,organization
federal,organization
traficantes,person
homem,person
chefe,person
Fábio,person
wendel,person
seguranças,person
Fábio,person
dono,person
lojas,organization
Leandro,person
prefeitura,organization
prédios,location
casa,location
filhos,person
Traficante,person
facção,organization
ADA,organization
dono,person
comunidade,person
jardim,location
comunidade,person
facção,organization
ADA,organization
bairro,location
morro,location
vila,location
jardim,location
rivais,person
CV,organization
localidades,location
pessoas,person
quadrilha,person
ladões,person
pessoas,person
BRASIL,location
laranjas,person
pessoas,person
comunidade,location
bairro,location
policias,person
traficamtes,person
traficamtes,person
area,location
rua,location
Deus,person
filho,person
rua,location
moradores,person
ilícitos,person
YouTube,organization
Facebook,organization
Indivíduo,person
Av,organization
casa,location
bairro,location
traficantes,person
área,location
local,location
bandidos,person
local,location
área,location
moradores,person
homens,person
rua,location
bairro,location
Unamar,organization
cidade,location
traficante,person
morro,location
José,person
operário,person
praça,location
morro,location
delegacias,organization
praça,location
morro,location
praça,location
domicílio,location
esquinas,location
rua,location
imóveis,location
favela,location
morro,location
rua,location
senador,person
homem,person
TERRA,location
NINGUÉM,person
político,person
moradores,person
bairro,location
Inhaúma,location
ex-candidato,person
Rapaz,person
facebook,organization
rua,location
esquina,location
Bairro,location
rua,location
esquina,location
campo,location
indivíduos,person
cidade,location
Mesquita,location
rua,location
casa,location
bandidos,person
favela,location
bandido,person
rapaz,person
meninos,person
rua,location
rua,location
Monte,location
rua,location
esquina,location
Moradores,person
rua,location
Monte,location
rapaz,person
casa,location
Dono,person
casa,location
Marty,person
Justiça,organization
bairro,location
cidade,location
meliantes,person
moradores,person
local,location
moradores,person
lugar,location
escolas,organization
creche,organization
moradores,person
lugar,location
gente,person
trabalhadora,person
ilícitos,person
YouTube,organization
Facebook,organization
Indivíduo,person
Av,organization
Morro,location
rua,location
padre,person
bairro,location
Comandante,person
terroristas,person
imóvel,location
REGIÃO,location
BROOKLIN,location
praia,location
Pontal,location
bandeirantes,person
jovem,person
quiosque,location
quiosque,location
praia,location
indivíduos,person
criminosos,person
comunidade,location
terreno,location
comunidade,location
Mangueira,location
indivíduos,person
clientes,person
moradores,person
morro,location
comunidades,person
moradores,person
policiais,person
facção,organization
indivíduo,person
WhatsApp,organization
indivíduo,person
rua,location
bairro,location
pessoas,person
Rapaz,person
Rodrigo,person
casa,location
companheiro,person
Roosevelt,person
casa,location
casa,location
senhor,person
pessoas,person
senhor,person
sobrinhas,person
vila,location
jovens,person
crianças,person
Supervia,organization
estação,location
Jacarezinho,location
rua,location
Camões,person
bairro,location
casa,location
traficantes,person
usuarios,person
local,location
MADRUGADA,person
Traficante,person
NETO,person
NETINHO,person
policia,organization
envolvidas,person
LENIR,person
ROBERTA,person
PMERJ,organization
individuos,person
MADRUGADA,person
PCERJ,organization
MADRUGADA,person
NETO,person
WAGUINHO,person
RUSSO,person
JEAN,person
CHICO,person
FELIPE,person
LENIR,person
ROBERTA,person
favela,location
Barreira,location
Ciclovia,location
NETO,person
WAGUINHO,person
LENIR,person
FELIPE,person
CHICO,person
RUSSO,person
JEAN,person
casa,location
quadrilha,person
rua,location
rua,location
hospital,location
homen,person
outros,person
colégio,organization
professor,person
rua,location
funcionários,person
professores,person
alunos,person
alunos,person
colégio,organization
Ruan,person
alunos,person
colégio,organization
morador,person
rua,location
Cristiane,person
usuária,person
homens,person
residência,location
senhoria,person
Alan,person
rapaz,person
local,location
população,person
moradores,person
comunidades,person
fabrica,organization
Jacarepaguá,location
rua,location
vizinhos,person
casa,location
pessoas,person
pessoa,person
pessoas,person
local,location
pessoas,person
gente,person
rua,location
rua,location
canal,organization
pessoa,person
Raphael,person
donos,person
casa,location
Paulo,person
Ivone,person
Ivone,person
Paulo,person
proprietários,person
casa,location
esposa,person
filha,person
casa,location
Raphael,person
homem,person
Raphael,person
familia,person
casa,location
Paulo,person
Ivone,person
rua,location
comunidade,location
morador,person
traficante,person
aeronáutica,organization
quartel,location
bairros,location
rua,location
Jacarepaguá,location
policiais,person
UPPs,organization
contribuinte,person
alguém,person
trabalhador,person
Bandindos,person
bandidos,person
morro,location
morro,location
bandidos,person
marechal,person
rua,location
comandante,person
batalhão,organization
praça,location
ruas,location
bairro,location
rua,location
vila,location
policia,organization
vila,location
criminosos,person
rua,location
rua,location
rua,location
Bandidos,person
favela,location
Deodoro,person
marechal,person
rua,location
barraca,location
Abu,person
Deodoro,person
Bandidos,person
Deus,person
polícia,organization
Bandidos,person
rua,location
pessoas,person
viciados,person
moreno,person
terreno,location
residência,location
ninguém,person
filhote,person
vizinhos,person
terreno,location
dono,person
bichinhos,person
terreno,location
casa,location
Facebook,organization
morro,location
rua,location
praça,location
vila,location
calçadas,location
vila,location
rua,location
bairro,location
Pantanal,location
ladrão,person
mercado,organization
morro,location
general,person
Artigas,person
Homens,person
Usuário,person
casa,location
rua,location
rua,location
loja,organization
jovem,person
rua,location
clientes,person
dono,person
usuários,person
bandidos,person
rua,location
Douglas,person
travestir,person
Belford,location
crianças,person
bairro,location
rua,location
esquina,location
rua,location
grupo,organization
travestis,person
pedestres,person
Lapa,location
Belford,location
menores,person
travesti,person
garotos,person
residência,location
localidade,location
jovem,person
bairro,location
policial,person
bairro,location
moradores,person
bairro,location
parque,location
jardim,location
autoridades,person
moradores,person
ministério,organization
pessoas,person
miliciano,person
policial,person
bandidos,person
rua,location
traficantes,person
moradores,person
morro,location
morro,location
Prainha,location
interior,location
LOCALIDADE,location
LOCAL,location
NETINHO,person
NETO,person
CASA,location
USUARIOS,person
CASA,location
NETO,person
CHICO,person
RUSSO,person
RUA,location
RUA,location
CASA,location
FELIPE,person
JOVENS,person
MENORES,person
CASA,location
MENINAS,person
CASA,location
RUA,location
LOCAL,location
CASA,location
CASA,location
RUA,location
SOCIEDADE,organization
LOCAL,location
residente,person
Bairro,location
Local,location
morro,location
meliantes,person
morador,person
Local,location
traficantes,person
motorista,person
empresas,organization
galpão,location
chamador,person
Rômulo,person
funcionário,person
estacionamento,location
traficantes,person
Extra,organization
motorista,person
alguém,person
local,location
gerente,person
transportadora,organization
dono,person
restaurante,location
AmBev,organization
rio,location
senhor,person
Jair,person
senhor,person
Paulo,person
senhor,person
Jair,person
senhor,person
Jair,person
senhor,person
Paulo,person
envolvidos,person
AmBev,organization
restaurante,location
AmBev,organization
Piraí,location
Macacu,location
Anderson,person
bairro,location
HS,organization
morador,person
bairro,location
parceiro,person
bandidos,person
rua,location
rua,location
Traficantes,person
kelson,organization
casas,location
Bando,person
localidade,location
Centro,location
moradora,person
rua,location
Centro,location
mulher,person
vagabundos,person
bairro,location
homem,person
moradores,person
senhoria,person
Alvina,person
Milícia,organization
Anchieta,location
moradores,person
rua,location
Anchieta,location
policiais,person
moradores,person
bandidos,person
localidade,location
Miguel,person
homens,person
gente,person
meliantes,person
polícia,organization
população,person
vizinhos,person
Individuo,person
indivíduo,person
Gmail,organization
morro,location
domicilio,location
alguém,person
vítima,person
suspeito,person
equipe,person
moradores,person
funcionários,person
indivíduo,person
Traficantes,person
local,location
traficante,person
rua,location
traficante,person
comparsa,person
local,location
Populaçao,person
refém,person
Traficantes,person
ruas,location
bairro,location
local,location
esquina,location
ruas,location
lavradores,person
bairro,location
jardim,location
sítio,location
morro,location
policiais,person
Indivíduo,person
gmail,organization
Morro,location
domicilio,location
difamador,person
jovens,person
bairro,location
Policia,organization
Esposo,person
grupo,organization
jovens,person
bairro,location
moradores,person
amigo,person
bazar,location
vítima,person
assaltantes,person
suspeito,person
bazar,location
pessoa,person
Facebook,organization
Traficantes,person
moradores,person
região,location
Traficantes,person
favela,location
Pavuna,location
policiais,person
adeptos,person
região,location
polícia,organization
envolvido,person
rua,location
rua,location
Sítio,location
rio,location
rio,location
rua,location
local,location
ilícitos,person
YouTube,organization
Facebook,organization
Indivíduo,person
Av,organization
Deodoro,person
bandidos,person
mototaxista,person
Moises,person
bandidos,person
Honda,organization
polícia,organization
bandidos,person
centro,location
marechal,person
rio,location
clínica,location
família,person
estabelecimento,organization
bar,location
bar,location
pessoas,person
local,location
fornecedor,person
praça,location
DP,organization
Batalhão,organization
PM,organization
flanelinhas,person
vendedores,person
Rocinha,location
motoristas,person
moradores,person
autoridades,person
autoridades,person
sociedade,person
baixada,location
família,person
vila,location
casas,location
vizinho,person
família,person
vila,location
local,location
vila,location
pessoas,person
rua,location
família,person
moradores,person
vila,location
filha,person
família,person
rua,location
batalhão,organization
local,location
família,person
hotel,location
região,location
moradia,location
vizinho,person
bairro,location
Simão,person
Band,organization
PMs,person
quadra,location
cabine,location
PM,organization
rua,location
marginais,person
rua,location
moradores,person
residências,location
cabine,location
PM,organization
moradores,person
casa,location
bar,location
quintal,location
casa,location
PM,organization
cidade,location
filhos,person
pais,person
vizinho,person
Deus,person
população,person
Angra,location
autoridades,person
rua,location
bairro,location
Campinas,location
polícia,organization
favela,location
rua,location
farmácia,location
Oscar,person
ninguém,person
Sedex,organization
bairro,location
rua,location
Alameda,location
igreja,location
Deus,person
bandidos,person
mulher,person
morena,person
igreja,location
Deus,person
comunidade,person
autoridades,person
grupo,organization
traficantes,person
igreja,location
Deus,person
polícia,organization
Piloto,person
rua,location
garotos,person
Rony,person
amigos,person
dona,person
Roseli,person
vila,location
vila,location
casas,location
crianças,person
rua,location
garotada,person
vila,location
Roseli,person
casa,location
polícia,organization
mãe,person
filho,person
sobrinhos,person
vila,location
família,person
ilícitos,person
YouTube,organization
Facebook,organization
Indivíduo,person
Av,organization
rua,location
maconheiros,person
motoqueiros,person
praça,location
marginais,person
fábrica,location
adolescentes,person
Moradores,person
Vila,location
usuários,person
praça,location
Vila,location
casa,location
local,location
usuários,person
escola,organization
praça,location
local,location
morro,location
Solicito,person
esquina,location
nonato,person
Farias,person
favela,location
rainha,person
canal,organization
interior,location
rua,location
bandido,person
Jefferson,person
rua,location
vizinhança,person
unidos,organization
local,location
Comunidade,organization
facções,person
Local,location
condomínio,location
condomínio,location
síndico,person
calçada,location
residências,location
residências,location
residências,location
síndico,person
vizinho,person
condomínio,location
rua,location
bairro,location
Alcântara,location
meliantes,person
terreno,location
casal,person
advogados,person
Heloise,person
região,location
Copacabana,location
travestis,person
garotas,person
Heloise,person
condomínio,location
primo,person
miliciano,person
Prédio,location
rua,location
Boca,organization
olheiro,person
segurança,person
praça,location
moradores,person
meninos,person
chefe,person
rapaz,person
moradores,person
Gisele,person
Alexandre,person
morro,location
salgueiro,person
Rio,location
moradores,person
grupo,organization
rapaz,person
Bambinho,person
Rodrigo,person
irmão,person
Bambinho,person
menino,person
Caio,person
filho,person
Teleco,organization
bairro,location
Simão,person
rua,location
vagabundos,person
rua,location
outros,person
PM,organization
padaria,location
PMS,organization
ninguém,person
cara,person
rua,location
Freguesia,location
Jacarepaguá,location
rua,location
Honda,organization
rua,location
bandidos,person
rua,location
traficantes,person
traficantes,person
menores,person
olheiro,person
traficantes,person
moradores,person
Crianças,person
traficantes,person
Jacarepaguá,location
Gardênia,location
Freguesia,location
moradores,person
casas,location
ruas,location
menino,person
olheiro,person
esquinas,location
rua,location
rua,location
UPP,organization
traficantes,person
escadaria,location
moto-taxistas,person
Homens,person
meliantes,person
bandidos,person
Condomínios,location
morros,location
moradores,person
autoridades,person
local,location
chefe,person
garotos,person
casa,location
loja,organization
mulheres,person
loja,location
acompanhante,person
loja,location
loja,location
vizinhos,person
Individuo,person
indivíduo,person
Gmail,organization
morro,location
domicilio,location
alguém,person
vítima,person
rua,location
barão,person
menores,person
local,location
lugar,location
lugar,location
traficantes,person
morro,location
Moro,person
condomínio,location
casa,location
moradores,person
homens,person
rua,location
local,location
Davi,person
jovens,person
casa,location
homens,person
casa,location
indivíduos,person
local,location
pessoas,person
polícia,organization
bar,location
Ruan,person
vítima,person
bairro,location
moradores,person
candidatos,person
filhos,person
capeta,person
esquina,location
Flamengo,organization
rua,location
rua,location
Ubirajara,person
Flamengo,organization
Ubirajara,person
bar,location
Ruan,person
Gabriel,person
casa,location
pais,person
comunidade,location
moradores,person
comunidade,location
moradores,person
Deus,person
familiares,person
população,person
Traficante,person
Traficantes,person
vila,location
região,location
moradores,person
estado,location
policiais,person
rua,location
esquina,location
ADA,organization
dono,person
morro,location
vila,location
rivais,person
município,location
autoridades,person
territórios,location
Solicito,person
rua,location
Traficantes,person
jardim,location
comunidade,person
comunidade,person
vizinho,person
mãe,person
casa,location
mãe,person
Pessoas,person
vizinho,person
barraqueiros,person
passarela,location
cachorros,person
Local,location
moto-taxistas,person
Secretário,person
SEAP,organization
Secretaria,organization
ISAPS,person
SEAP,organization
colegas,person
Estado,location
SISPEN,organization
cadeia,location
subdiretor,person
SISPEN,organization
UP,organization
Diretor,person
UP,organization
UP,organization
presos,person
cadeia,location
subdiretor,person
Robson,person
presos,person
presos,person
Corregedoria,organization
cadeia,location
rua,location
viciados,person
rua,location
casa,location
rua,location
casa,location
Guim,person
dono,person
distribuidor,person
rua,location
rua,location
rua,location
trabalhadores,person
todos,person
olheiros,person
traficantes,person
casa,location
morro,location
Traficantes,person
casa,location
esposa,person
Prisma,organization
homens,person
outro,person
mulato,person
Rj,location
moradores,person
estrada,location
bandidos,person
moradores,person
estrada,location
condomínio,location
praça,location
local,location
praça,location
usuários,person
ninguém,person
ninguém,person
PM,organization
Moradores,person
ruas,location
ruas,location
condomínio,location
terraço,location
prédio,location
andar,location
terraço,location
igreja,location
bar,location
Saquarema,location
Moradores,person
morro,location
moradores,person
polícia,organization
moradores,person
bandidos,person
rua,location
polícia,organization
rua,location
rua,location
marginais,person
comandante,person
batalhão,organization
moradores,person
bandidos,person
favela,location
rua,location
morador,person
trabalhador,person
traficantes,person
favela,location
local,location
menores,person
dona,person
menores,person
local,location
baixada,location
castelinho,location
local,location
Alan,person
RJ,location
traficantes,person
traficantes,person
traficantes,person
senador,person
bairro,location
traficantes,person
bairro,location
bairro,location
pessoas,person
lideres,person
Erick,person
soldado,person
chefe,person
região,location
Recreio,location
autoridades,person
batalhão,organization
comunidades,location
governo,organization
traficantes,person
amigo,person
residência,location
bairro,location
Sinesp,organization
cidadão,person
rua,location
Natan,person
cadeia,location
ninguém,person
pessoas,person
crianças,person
colégio,organization
professor,person
crianças,person
pessoa,person
pessoas,person
grupo,organization
local,location
usuarios,person
marginal,person
Neto,person
usuarios,person
policia,organization
local,location
casa,location
marginal,person
sobrinho,person
Familia,person
policia,organization
Pcerj,organization
DECOD,organization
ninguem,person
Crianças,person
Chincheiros,person
gente,person
Polícia,organization
ruas,location
familiar,person
comunidade,person
rua,location
rua,location
morro,location
Bandidos,person
morro,location
vizinhos,person
mulher,person
bar,location
usuários,person
adolescentes,person
prédios,location
condomínio,location
prédios,location
jovem,person
rio,location
outro,person
rio,location
menina,person
milicianos,person
lugar,location
amigos,person
comerciantes,person
Facebook,organization
condomínio,location
local,location
milicianos,person
polícia civil,organization
china,location
pm,person
gabriel,person
pm,person
todos,person
Traficante,person
rua,location
bar,location
proprietário,person
rua,location
rua,location
campo,location
casa,location
chefes,person
irmãos,person
Ronald,person
Ranckisiley,person
Jóca,person
dragão,person
ilícitos,person
YouTube,organization
Facebook,organization
Indivíduo,person
Av,organization
bandidos,person
CENTRO,location
RJ,location
marginais,person
local,location
Traficantes,person
ilícitos,person
YouTube,organization
Facebook,organization
Indivíduo,person
Av,organization
morro,location
bairro,location
Belford,location
TCP,organization
esquina,location
rua,location
rua,location
Alfredo,person
ruas,location
olheiro,person
ruas,location
Alfredo,person
Almerio,person
bandidos,person
policiais,person
GAT,organization
Dimas,person
contador,person
quadrilha,person
traficante,person
rua,location
casa,location
periquito,person
Ere,person
rua,location
periquito,person
foragido,person
moradores,person
bandidos,person
ruas,location
Alfredo,person
Antônio,person
polícia,organization
POLICIAIS,person
POLICIAIS,person
G1,organization
polícia,organization
Rio,location
baixada,location
jovens,person
favela,location
Pavuna,location
autores,person
Jonas,person
Neguinho,person
Tela,person
Google,organization
jornal,organization
indivíduos,person
comunidades,person
baixada,location
Pavuna,location
favela,location
familiares,person
Jonas,person
comunidades,location
Neguinho,person
Tela,person
comunidades,location
baixada,location
Chatuba,location
favela,location
familiares,person
coleguinhas,person
whatsapp,organization
traficantes,person
residência,location
Saracuruna,location
Caxias,location
casa,location
comunidade,person
Caxias,location
favela,location
rua,location
bairro,location
jardim,location
local,location
jardim,location
associacao,organization
moradores,person
rua,location
local,location
gente,person
rio,location
TJ,organization
comunidades,person
morro,location
Brasilia,location
rua,location
Nilópolis,location
rua,location
jovens,person
morro,location
praça,location
QG,organization
morro,location
rua,location
indivíduo,person
comunicadores,person
outros,person
esquina,location
ruas,location
moradores,person
rua,location
Cavalcanti,location
moradores,person
ilícitos,person
YouTube,organization
Facebook,organization
Indivíduo,person
Av,organization
Homens,person
Moro,person
família,person
rua,location
Moro,person
rua,location
meninas,person
Grupo,organization
rua,location
Alcântara,location
MERCK,organization
PM,person
central,location
rapaz,person
passageiro,person
facebook,organization
Algazzaras,person
estrada,location
rua,location
rua,location
bar,location
molejao,person
ruas,location
polícia,organization
miliantes,person
local,location
ruas,location
bairro,location
Homens,person
sobrinho,person
Rafael,person
sobrinho,person
dono,person
região,location
rua,location
sobrinho,person
cabeleireiro,person
Traficantes,person
local,location
indivíduos,person
local,location
Bandidos,person
avenida,location
cidade,location
cedae,organization
loja,organization
área,location
loja,organization
pedestres,person
local,location
local,location
prefeitura,organization
subprefeitura,organization
morro,location
bairro,location
criminosos,person
área,location
morro,location
indivíduos,person
moradores,person
Tuiuti,organization
facção,organization
outros,person
vila,location
comunidade,person
criminosos,person
policiais,person
Pessoa,person
banco,organization
Itaú,organization
rua,location
Flamengo,organization
pessoas,person
guarita,location
Itaú,organization
senhor,person
indivíduo,person
Jacarepaguá,location
deus,person
rio,location
traficante,person
outros,person
Uber,organization
traficante,person
Bob,person
morro,location
meninas,person
morador,person
pessoas,person
crianças,person
área,location
rua,location
tia,person
casa,location
dono,person
vizinha,person
área,location
rua,location
rua,location
crianças,person
local,location
imóvel,location
vizinhos,person
traficantes,person
rua,location
casa,location
moradores,person
esquinas,location
quadra,location
setor,organization
batalhão,organization
local,location
rua,location
rua,location
local,location
bairro,location
praça,location
moradores,person
comerciantes,person
polícia,organization
morro,location
redutos,location
classe,person
bairro,location
Jacarepaguá,location
marginais,person
vilas,person
rua,location
barão,person
maranga,person
baronesa,person
QG,organization
morro,location
homem,person
policial,person
largo,location
Guedes,person
policial,person
morro,location
igrejinha,location
jardim,location
morro,location
bandido,person
Mara,person
autoridades,person
policia,organization
pm,person
secretário,person
gente,person
pessoas,person
Traficantes,person
moradores,person
usuários,person
traficantes,person
policial,person
comunidade,location
famíliares,person
integrantes,person
localidade,location
integrantes,person
sobrinho,person
ilícitos,person
YouTube,organization
Facebook,organization
Indivíduo,person
Av,organization
traficante,person
rua,location
bar,location
Luiz,person
Luiz,person
bar,location
traficante,person
associação,organization
moradores,person
lugar,location
responsável,person
Wilian,person
associação,organization
moradores,person
parque,location
rua,location
igreja,location
dono,person
local,location
casa,location
casa,location
rua,location
bares,location
andar,location
casa,location
comunidade,person
policiais,person
UPP,organization
vila,location
traficante,person
cadeia,location
traficante,person
morro,location
Ipanema,location
vendedor,person
Guthierre,person
companheira,person
pessoas,person
praia,location
Arpoador,location
Adriana,person
traficante,person
presídio,location
escola,organization
família,person
loja,organization
criança,person
casa,location
MORADOR,person
RUA,location
RUA,location
RUA,location
RUA,location
LOCAL,location
CASAS,location
CASAS,location
MORADORES,person
BANDIDOS,person
LOCAL,location
LOCAL,location
rua,location
rua,location
Policia,organization
policiais,person
entorno,location
mulher,person
mulher,person
policiais,person
homicidas,person
rapaz,person
Jordão,person
mulher,person
povo,person
Suzuki,organization
HOMENS,person
MORADORES,person
RUA,location
rua,location
Belford,location
olheiro,person
rua,location
ninguém,person
comunidades,person
rio,location
local,location
gente,person
indifidos,person
rua,location
rua,location
moradores,person
casa,location
rua,location
comunidade,person
rapaz,person
responsável,person
traficantes,person
Catumbi,location
pessoas,person
calçada,location
morador,person
estacionamento,location
prédio,location
pessoas,person
militar,person
justiça,organization
terceiros,person
Bandidos,person
ruas,location
bairro,location
polícia,organization
ruas,location
rua,location
esquina,location
Toyota,organization
Michael,person
morador,person
rua,location
moradores,person
rua,location
ninguém,person
menina,person
sobrinha,person
favela,location
passarela,location
comunidade,person
passarela,location
ninguém,person
policia,organization
CA,organization
passarela,location
moradores,person
rua,location
Moro,person
vila,location
bairro,location
Flamengo,organization
vila,location
moradora,person
vila,location
casa,location
ambulantes,person
praça,location
ambulantes,person
praça,location
moradora,person
vila,location
moradora,person
filhos,person
vila,location
famílias,person
CEOP,organization
casa,location
Homem,person
jardim,location
rua,location
catador,person
traficantes,person
local,location
policia,organization
inocentes,person
Traficantes,person
rua,location
Traficantes,person
moradores,person
rua,location
moradores,person
casa,location
jovens,person
polícia,organization
local,location
Alguém,person
morro,location
polícia,organization
local,location
meninos,person
Bandidos,person
trabalhadores,person
rua,location
cidade,location
polícia,organization
rua,location
terreno,location
traficantes,person
terreno,location
rua,location
rua,location
local,location
casas,location
terreno,location
moradores,person
idosos,person
crianças,person
trabalhadores,person
local,location
rapaz,person
casa,location
tráficante,person
Shumachek,person
CEDAE,organization
rua,location
rua,location
gerente,person
rua,location
Catarina,location
polícias,organization
Catarina,location
Bandidos,person
comunidade,location
Policiais,person
UPP,organization
local,location
ilícitos,person
YouTube,organization
Facebook,organization
Indivíduo,person
Av,organization
Andrezinho,person
Polícia,organization
campo,location
Traficante,person
Fernando,person
rua,location
senador,person
localidade,location
mulher,person
meninos,person
estação,location
rua,location
Moradores,person
ruas,location
jovens,person
residência,location
bairro,location
lugares,location
bairro,location
rua,location
prédios,location
menores,person
moreno,person
casa,location
comunidade,location
residência,location
prédio,location
igreja,location
Deus,person
Polícia,organization
rua,location
gerente,person
local,location
Individuo,person
difamador,person
PM,organization
praça,location
morro,location
barão,person
vila,location
PM,organization
vila,location
calçadas,location
vila,location
Pessoas,person
local,location
ruas,location
traficantes,person
rua,location
rua,location
localidade,location
lugar,location
individuo,person
casa,location
indivíduo,person
Gmail,organization
casa,location
domicilio,location
alguém,person
vítima,person
outrem,person
casa,location
inquilino,person
denunciantes,person
domicílio,location
dono,person
soneka,person
rua,location
lanchonete,location
tropa,organization
soneka,person
policia,organization
casa,location
garagem,location
soneka,person
policia,organization
casa,location
vila,location
localidade,location
Pantanal,location
local,location
chefe,person
Bar,location
namorada,person
Kelly,person
casa,location
namorada,person
outro,person
banco,organization
sujeito,person
pessoas,person
traficantes,person
morro,location
morro,location
localidade,location
paraiso,location
outros,person
todos,person
Arsenal,location
Ampla,organization
supervisor,person
vila,location
bandidos,person
áreas,location
Chapadão,location
comunidade,person
Ema,person
grupo,organization
bandidos,person
sitio,location
traficante,person
area,location
banca,organization
sitio,location
rua,location
Polícial,organization
chefe,person
andar,location
Academia,organization
rua,location
Inquilino,person
ilícitos,person
YouTube,organization
Facebook,organization
Whatsapp,organization
pais,person
bandidos,person
rua,location
policia,organization
rua,location
rua,location
campo,location
cabeleireiro,person
campo,location
bandidos,person
meninas,person
autoridades,person
traficante,person
presídio,location
Bangu,location
Gutiérrez,person
Vascao,person
praia,location
Ipanema,location
mãe,person
filhos,person
praia,location
bandidos,person
esposa,person
amantes,person
Facebook,organization
Jetulio,person
amigos,person
homem,person
dono,person
rua,location
Raimundo,person
esposa,person
alguém,person
vizinho,person
loja,organization
condomínio,location
morador,person
garagem,location
mães,person
rua,location
Pintinho,person
moradores,person
moradores,person
Policiais,person
rua,location
estacionamento,location
Extra,organization
rua,location
homem,person
Jorge,person
bairro,location
Polícia,organization
casa,location
moradores,person
menores,person
Jorge,person
comunidade,person
cidade,location
menores,person
pessoas,person
moça,person
Dandara,person
rapaz,person
Luizinho,person
Fiat,organization
gerente,person
Armando,person
moreno,person
bar,location
morro,location
morro,location
bairro,location
Jacarepaguá,location
marginais,person
rua,location
comunidade,person
rua,location
policiais,person
região,location
marginais,person
ruas,location
comunidade,person
polícia,organization
marginais,person
ruas,location
almirante,person
rua,location
marginais,person
policiais,person
rua,location
morro,location
rua,location
comunidade,person
praça,location
policiais,person
comunidade,location
áreas,location
marginais,person
moradores,person
área,location
marginais,person
casas,location
moradores,person
moradores,person
moradores,person
comunidade,location
mototaxistas,person
Detran,organization
marginais,person
região,location
marginais,person
rua,location
rua,location
praça,location
PMs,person
PM,organization
policiais,person
DH,organization
Digão,person
Itaboraí,location
localidade,location
Monjolo,location
Cabuçu,location
cidade,location
município,location
Itaboraí,location
PJ,organization
bar,location
passarela,location
barra,location
facebook,organization
criança,person
facebook,organization
criança,person
ilícitos,person
YouTube,organization
Facebook,organization
Indivíduo,person
Av,organization
Rua,location
meninas,person
grupo,organization
pessoas,person
rua,location
moradores,person
trabalhadores,person
infratores,person
rua,location
lagoa,location
rua,location
pessoas,person
local,location
vizinhança,person
casa,location
mãe,person
rua,location
esquina,location
casa,location
mãe,person
indivíduos,person
esquina,location
moradores,person
mãe,person
sobrinha,person
igreja,location
igreja,location
moradores,person
casa,location
mãe,person
sobrinha,person
mãe,person
local,location
local,location
rua,location
bairro,location
traficantes,person
homens,person
policial,person
morro,location
jardim,location
bar,location
Mara,person
Dodô,person
praça,location
Loja,organization
Loja,organization
olheiro,person
rua,location
policiais,person
Eles,person
casarão,location
mulher,person
criança,person
rua,location
Riachuelo,location
barraca,location
rua,location
mulheres,person
Riachuelo,location
casa,location
policia,organization
casarão,location
gato,person
Moro,person
Maricá,location
rua,location
praia,location
suspeitos,person
casas,location
rua,location
ilícitos,person
YouTube,organization
Facebook,organization
Indivíduo,person
Av,organization
